C,la,lp,lo,ln,lz,Lh,Rcell,Rp,Rn,efp,efo,efn,mat,Ns,Np,SpecificEnergy,SEIGrouth,TempIncrease,Price,UpperViolation,LowerViolation,VolFracViolation
2.9891617315820342,1.853459484970988e-05,0.00015159623783611093,8.929664349929081e-05,8.316498920082713e-05,1.3357741985379394e-05,0.08428990941559272,0.021530231509777252,3.154349051322008e-06,4.490266252560636e-05,0.24416425523478358,0.0918404171854041,0.26723729885635666,LCO,13,57,-273988.0640003736,2.851284005349667e-15,0.9143292122590828,208401.17470995782,-2.4639866691439565,-2.336013330856055,-0.3267580287234557
1.3842101725303195,1.4239230122849348e-05,0.00012685652584088465,4.1758483523955184e-05,0.0001516906528050806,2.838227997896113e-05,0.09982764908746615,0.015166904383681568,8.626279939559747e-06,2.9551038656829364e-05,0.16940955272820585,0.5632974563982623,0.3106775471285586,LFP,12,52,-164538.94581171524,2.3177613992396613e-15,0.18446183576604605,82962.26806676979,-4.556030577954161,-0.2439694220458506,0.11338455625502675
3.639714647765426,2.5130042978190517e-05,0.00024686808663106064,1.6214561883284703e-05,0.00015045592938330238,2.9897166530801883e-05,0.09732083103712201,0.010815671542549558,1.881390640012193e-05,2.70052573396365e-05,0.5826849719145377,0.59751207137094,0.09785962172787516,LFP,14,15,-11164.840375327507,2.5578756966112248e-15,5.019111112708803,12204.974193654254,-1.0055803453932413,-3.79441965460677,0.34805666501335264
3.5887220636477446,1.4476835871402135e-05,0.00012270262622177455,5.204155498394999e-05,0.00016189809746855715,1.6100869780901066e-05,0.09691241672800643,0.006648192394800868,5.426953554971537e-06,4.266493458577552e-05,0.2829096868706133,0.06660665211010366,0.010944972742389559,LFP,14,76,-22961.740561776387,2.33368122933369e-15,0.5207072145419674,35533.97107084203,2.3853087415716843,-7.185308741571696,-0.5695386882768936
3.2231678455491735,2.625729761844418e-05,7.016825501861486e-05,9.921152641582994e-05,0.0001974135523749543,2.6304115486601867e-05,0.0975063875316322,0.004460632447017097,3.2025087520965777e-06,1.525050730826347e-05,0.575098716969392,0.46896146226707575,0.1045549936209806,LFP,86,11,0.0,5e-15,20.0,4000000.0,1.0,1.0,1.0
3.2432715154271614,2.100601468849474e-05,4.843874872135252e-05,6.648675813503385e-05,9.076446665695162e-05,2.7528152441264884e-05,0.08653333490304826,0.010350065072247398,3.5130925748060084e-06,3.1480154321520965e-05,0.5008450174325724,0.059675359472748345,0.018755537361189907,LCO,99,5,0.0,5e-15,20.0,4000000.0,1.0,1.0,1.0
3.990789817867616,1.744734900289498e-05,0.00022424428324089346,9.683909602918077e-05,0.00022220534826653194,2.972487311241981e-05,0.09021959398074081,0.02157508994694392,4.8492918421652165e-06,1.3027315547547384e-05,0.3439516491711102,0.5381407082043459,0.42255456997788093,LFP,57,32,0.0,5e-15,20.0,4000000.0,1.0,1.0,1.0
3.6243111858962305,2.7007948323720713e-05,0.00011194822228078843,2.5664008821064413e-05,6.19418763803343e-05,1.802905728699958e-05,0.07995174826231805,0.005366563946698981,1.1893953298648331e-05,2.182213917567442e-05,0.13356684778719297,0.38966076444634967,0.544238977735099,LCO,46,5,0.0,5e-15,20.0,4000000.0,1.0,1.0,1.0
3.684155496970915,1.781589385904834e-05,0.0002287341051150865,7.384766151240198e-05,0.00021966739798167403,1.838807229406014e-05,0.08185244932980133,0.02043688145158518,1.364331472470409e-05,1.2707450016681651e-05,0.05702873278956886,0.3178326555371562,0.5372952049443559,LFP,9,22,0.0,5e-15,20.0,4000000.0,1.0,1.0,1.0
3.884160557971622,1.2881110873398425e-05,0.00018887826104524964,2.8573658537225686e-05,7.53427179094464e-05,2.40108417047516e-05,0.08649956567471166,0.012489032325929312,2.6274116868269115e-06,3.6628861181734176e-05,0.25881142831824777,0.4830596607442164,0.3064647753542573,LFP,69,4,0.0,5e-15,20.0,4000000.0,1.0,1.0,1.0
0.714257268668431,1.9960997724242544e-05,0.00020454402017663,5.239842411525215e-05,0.00012039035754793384,1.2328838894852909e-05,0.07477447354016253,0.011090964777210423,9.78897755147978e-06,8.390022155536826e-07,0.4106854850736649,0.27865353151359556,0.1469573419915388,LCO,3,3,0.0,5e-15,20.0,4000000.0,1.0,1.0,1.0
3.064869164773962,1.676770665670521e-05,0.0001222856506753893,7.581646225049055e-05,0.00024899293107489065,2.9645777559012157e-05,0.04220003596108259,0.01084308668778115,1.0074473721803725e-05,4.00851905666962e-05,0.513521330933005,0.4677039507300597,0.1463695620580672,LCO,19,16,0.0,5e-15,20.0,4000000.0,1.0,1.0,1.0
1.6477470179699276,2.6013594730195365e-05,0.00023624382013710213,9.037160925788098e-05,0.00012406066443419267,1.730570592234815e-05,0.052786489438001016,0.016612591471291238,1.2820976031621957e-05,3.1181343806540293e-06,0.061314430841243,0.32522430939909097,0.5434219695273096,LCO,54,11,0.0,5e-15,20.0,4000000.0,1.0,1.0,1.0
2.338274600286454,2.5978372106835803e-05,8.440768054626468e-05,5.496437670356802e-05,0.00022955137621152557,1.8534624615481352e-05,0.056741712917226204,0.024315559380952742,1.6105263960129385e-05,1.157094761502665e-05,0.2278058792577802,0.5086054731618335,0.5333775758780557,LFP,42,17,0.0,5e-15,20.0,4000000.0,1.0,1.0,1.0
3.795332976631454,1.548398212490269e-05,0.000157788602533791,4.593793329227132e-05,0.00018352642326537356,1.9433933744577726e-05,0.05290554349004609,0.022280649007951667,1.3047623035663241e-05,4.593153084662248e-06,0.15294102110110872,0.19756536259570237,0.49240042807408135,LFP,32,16,0.0,5e-15,20.0,4000000.0,1.0,1.0,1.0
2.1673386475868517,1.297735826365412e-05,4.056741616824643e-05,7.07780514591758e-05,0.00013339490707180615,2.1209789813113145e-05,0.0673193714907053,0.007640460188853624,1.8105032892828473e-05,3.267347475557206e-05,0.38092510538596,0.27359254360053215,0.08005724442720429,LCO,77,4,0.0,5e-15,20.0,4000000.0,1.0,1.0,1.0
3.274065621168872,1.6964898227315886e-05,0.00015771258755300583,8.58422073313523e-05,0.00010970440522498043,1.8623910999351057e-05,0.053467098511472515,0.011139865338036958,1.1642681249625047e-05,8.070670709761499e-06,0.48136275779212007,0.4673610104030904,0.4115484332085101,LCO,89,17,0.0,5e-15,20.0,4000000.0,1.0,1.0,1.0
3.2120428033657364,1.2452393415784615e-05,7.145214381587874e-05,8.000849475364696e-05,0.00013665779566440707,1.2611179630596252e-05,0.09835695271135868,0.020002037023130314,1.6023761439999654e-05,1.4043638655752507e-05,0.5255058855145585,0.5074903641094579,0.3128952839547031,LFP,19,16,0.0,5e-15,20.0,4000000.0,1.0,1.0,1.0
3.029989265634821,1.3139322082502407e-05,0.00011419555925343801,5.809751957501826e-05,0.0001045808172055866,1.9489096253593254e-05,0.0655432956421137,0.009904252433077899,1.2186082202652522e-05,4.856069416964359e-05,0.29591398065454877,0.4727374539458497,0.010749924364893866,LFP,86,9,0.0,5e-15,20.0,4000000.0,1.0,1.0,1.0
2.9472947981382274,2.369081081285982e-05,0.00016644077703256748,8.271011624133935e-05,0.00016175607411094583,2.71770669092418e-05,0.08081318902912027,0.008280874280036231,1.087575550472588e-05,1.904356041453902e-05,0.03834795134817797,0.5010680664917102,0.4201492964987399,LCO,51,13,0.0,5e-15,20.0,4000000.0,1.0,1.0,1.0
1.1798194534277537,1.3707143184521344e-05,0.00011614546203920183,8.555985024822665e-05,0.0001929570475938645,1.492310430538067e-05,0.0600209494426505,0.007834182281209632,5.639776963144266e-06,4.789004562112383e-05,0.4092932756962064,0.523686204083551,0.18074204871475294,LCO,76,9,0.0,5e-15,20.0,4000000.0,1.0,1.0,1.0
2.204319438486194,1.848551088993978e-05,4.5974521657943856e-05,8.690543036241836e-05,9.877339992777178e-05,2.6588408202680456e-05,0.07606625919640889,0.02390204691926216,1.0135800207460102e-05,1.4330726577838162e-06,0.1997731875586573,0.40326069362609246,0.4339015839436898,LCO,46,16,0.0,5e-15,20.0,4000000.0,1.0,1.0,1.0
1.826387783812586,1.4438953440321284e-05,0.00023731936996842509,8.3630676633952e-05,0.00021005311867375133,2.5967045622401853e-05,0.08399295327807305,0.016347195507381517,1.973621124549298e-05,4.538512699107461e-05,0.340774072584499,0.27589435666116874,0.0593949406607472,LCO,4,14,0.0,5e-15,20.0,4000000.0,1.0,1.0,1.0
3.7236544570186494,2.721082759939387e-05,0.00023594980254082736,7.264358137994966e-05,0.00015212339859547913,2.4003165085572376e-05,0.07880674164729498,0.014741054322297092,5.675660675437428e-06,1.504007543603208e-05,0.4941936425116872,0.014816618911616525,0.11189754127590316,LCO,5,6,0.0,5e-15,20.0,4000000.0,1.0,1.0,1.0
2.029360094292395,1.2807132376339788e-05,0.0001643146863299674,5.68867261701854e-05,0.00021553987905613843,2.1789761656548213e-05,0.08863506224532347,0.01783202617843549,8.82075403231918e-06,4.339312610722702e-06,0.01458366501431774,0.43465867097913036,0.3349279946307578,LCO,42,12,0.0,5e-15,20.0,4000000.0,1.0,1.0,1.0
2.264012632679176,2.298337266582415e-05,9.662428901698022e-05,6.826181475756811e-05,0.00015146150140511375,1.2867300662762832e-05,0.08324291755449814,0.010758960216124859,2.6949862614958332e-06,1.0031647516654959e-05,0.023738616006537653,0.21805918564210036,0.30142727459870466,LCO,33,4,0.0,5e-15,20.0,4000000.0,1.0,1.0,1.0
1.5032429963905822,1.5427904221778656e-05,0.00019845203363212584,9.502773778170259e-05,0.00022382365640848004,1.461266264299074e-05,0.08845426592571698,0.01612078160508164,1.2346275140880284e-05,1.5715473832532074e-05,0.31853214500109156,0.5930534822304804,0.16125155999642882,LFP,14,98,-106157.24045850792,2.4461357178191873e-15,0.10869283048138838,187499.71832403884,3.0509136828955548,-7.850913682895566,0.14283718722800065
2.376933970354168,2.4869213889176117e-05,4.1347853130894924e-05,5.054479110489168e-05,0.00020502003789188073,2.362187014281644e-05,0.09955382920828013,0.0227777669820534,1.4273475647755758e-05,3.840492807917026e-05,0.403975352875576,0.28852588421379866,0.5774364157049263,LFP,11,99,-90658.02977413907,2.0499224419738096e-15,0.1544784862048151,287202.1423797085,-8.494301745714097,3.6943017457140854,0.3399376527943009
1.0474352591117693,2.6236333755962735e-05,8.643377697727e-05,9.847874101753438e-05,0.00017187541894217798,2.083915122545331e-05,0.04846523614392402,0.016519298002456877,1.339692353771955e-05,2.0255870173345257e-05,0.4724945141606922,0.19031681109266552,0.213207156573944,LFP,15,50,-33286.70752350371,2.225286953265622e-15,0.15707720033642047,61395.752714973874,6.726813727227658,-11.526813727227669,-0.05398151817269825
0.9221564735403174,1.817052006671663e-05,0.00013548366511933931,1.371279293788676e-05,0.00023523217773199217,2.8760332306639558e-05,0.08154671067019148,0.009074000690282732,1.6014744273201273e-05,4.075525487765648e-05,0.29969163002280413,0.11673809446813081,0.2135509934034957,LCO,10,61,-26510.31312914746,2.118836088468952e-15,0.07623849252142807,28873.887997733047,-11.920322690903134,7.120322690903123,-0.3000192821055694
2.0972604157185017,1.4187464059713862e-05,9.488588076095162e-05,1.4094777191196312e-05,0.00020799980022667193,2.207465121886748e-05,0.07690492633823265,0.01358007890094703,1.5064139481601772e-05,3.099682249638968e-05,0.4076695400223963,0.275674371469612,0.4629733600508997,LCO,15,96,-51652.21507402308,2.106067254404887e-15,0.11913548919016892,116706.09418917054,7.153989014498968,-11.95398901449898,0.21631727154290792
0.5958083572371576,1.3242531743960908e-05,6.178532953163603e-05,7.744614045058141e-05,8.672818432749828e-05,2.247360193582654e-05,0.05651665299335455,0.004328114450872034,1.820604556010601e-05,1.2609433318253404e-05,0.3172858327507094,0.06206046910233067,0.07235162187188053,LCO,10,25,-4804.083717610515,2.4128756633598855e-15,0.1738198999827215,1941.107943601187,-12.509171022589484,7.709171022589473,-0.4783020762750795
0.894641621806215,2.4331432023557257e-05,9.8994239427895e-05,6.4360714264951e-05,7.394909359546747e-05,2.2651035656930063e-05,0.07944219692513775,0.019474662219319063,1.5287739082215233e-06,4.700426973198436e-05,0.4015416785892724,0.3839684643598968,0.41065682718485363,LCO,9,64,-186184.96476515848,2.2356884986653054e-15,0.07272943830996413,92490.9024495962,-15.815492192026404,11.015492192026393,0.2661669701340227
1.7870976748787324,1.2386225259310172e-05,0.0002235225740869073,8.517032257651891e-05,0.00018375986771109015,1.7402016251884794e-05,0.08927686020520034,0.01669833034859362,6.941512532663143e-06,1.6912883193005275e-05,0.24584762916635214,0.4750107382346045,0.3681676907655152,LCO,9,72,-139271.0315601218,2.6809059224768753e-15,0.2396799073741119,97297.01275696611,-16.316391980311046,11.516391980311035,0.15902605816647186
3.5900164671343227,2.8700841397900893e-05,0.00012426911395382878,8.028909172579744e-05,0.00017872009836549383,2.6997803004547716e-05,0.0695443319139572,0.019412034863760707,8.28175597062744e-06,1.8733889327312527e-06,0.2928911306528545,0.023874108061393985,0.5928417189183228,LFP,8,77,-89127.81309503611,2.6232096567018494e-15,0.6437951762686849,98262.13359942705,-20.83030617764854,16.03030617764853,-0.02039304236742867
1.9127064175491104,1.5507009763828735e-05,6.94410053445776e-05,2.1098749614451675e-05,5.91044672931014e-05,1.8276847016166758e-05,0.07042428306601013,0.02082736987634622,3.994569017043066e-06,3.385039343432207e-05,0.35858457740184385,0.5115180813919192,0.3810906777328512,LFP,8,12,-322657.82345299725,2.5093943421903156e-15,2.9420700901919936,14537.469776833423,-20.93239233402027,16.13239233402026,0.3211933365266143
3.937202864310183,1.9376837207183454e-05,0.00021045567585759522,6.394365698995087e-05,5.7781962597111796e-05,1.860575357069149e-05,0.05303241155675952,0.012344502268112479,1.34702415441351e-06,4.0742875941983996e-05,0.08619484887487877,0.3068001404510267,0.045782030880652344,LFP,19,28,-23599.432299357137,3.4568516992591474e-15,3.4044617993598982,32069.071734472553,18.474833351211785,-23.274833351211797,-0.4912229797934422
1.6775339386939998,1.2955723039268522e-05,0.00020582615280209229,7.427865279067804e-05,0.00020816712064994307,1.771357239616128e-05,0.07297097145541415,0.004675860990723077,7.684721402668044e-06,1.8026081605615857e-05,0.5122240570239596,0.5535695500572668,0.4431797068938277,LCO,18,82,-5506.301393257099,2.402212230279835e-15,0.1617909267874989,11656.53894049732,18.215752103052907,-23.015752103052918,0.578973313975054
0.8183753509504446,1.6950900142735278e-05,0.0001972327973298973,6.953005821971111e-05,9.452046663477539e-05,2.9635779260582867e-05,0.09175317177970183,0.015945028098830045,5.81513685925321e-06,2.5438489078260536e-05,0.11826842906296421,0.35795199914797193,0.4481658444755696,LFP,7,68,-216822.51677997477,2.6299981963583905e-15,0.06853316052791263,67886.44894306133,-23.615355212183616,18.815355212183604,-0.005613727313494299
2.473725607819306,1.652460680179978e-05,0.00013152368870622023,1.3731727099716249e-05,0.00021365663788781264,1.698931147587464e-05,0.054587478300045206,0.01648822188510947,1.2984731328015143e-06,3.9488250035237935e-05,0.55239210094903,0.17076249880439273,0.5289176218952063,LCO,18,97,-46035.16875296456,2.124241394578845e-15,0.14869656473796813,144342.7471690289,18.72848527360354,-23.52848527360355,0.32207222164862903
1.751819002007389,2.8559441844790328e-05,7.097042880505659e-05,6.783659027946359e-05,0.00010739786742252155,2.5313024627503256e-05,0.09491558144378548,0.012817072287199614,5.5671209398011825e-06,4.1937439927227854e-05,0.29937485454540164,0.1307153379667513,0.1905793049133935,LFP,7,26,-67299.08543419607,2.3771376416484915e-15,1.0268073351039904,18497.564523135108,-24.79980078224273,19.99980078224272,-0.3093305025744536
1.8321524440624444,2.635136242334619e-05,0.00011432903699066274,3.7875606699801243e-05,0.0001001812720349445,2.5539424495550206e-05,0.09914751363761667,0.02137202364248544,1.9672585450832345e-05,3.2070813101655788e-06,0.5213324364618902,0.13542947647440137,0.579036646664259,LCO,19,51,-196946.64127896135,2.809410480096686e-15,0.29744920960571164,231701.82440688388,20.766462097147894,-25.566462097147905,0.3057985596005507
3.8014988739646576,2.0826540456179057e-05,5.355633891203406e-05,4.6449711577614556e-05,8.713901958383205e-05,2.2083936722756767e-05,0.09375142668283715,0.021570992545034223,1.0188431401256443e-05,3.505649471193928e-05,0.1375406364479777,0.4332114111818319,0.09865332966380592,LFP,6,74,-30254.428282684123,2.0878012780477632e-15,0.02602972291170762,123649.19188326105,-26.14415168436068,21.344151684360668,-0.26059462270638456
0.9498882227400078,2.3964644146457714e-05,0.0002366073616687107,4.603483843964241e-05,0.000103127109606268,2.2784453187043364e-05,0.08670670677522127,0.009994612107798097,8.926597995190382e-06,3.119428851935255e-05,0.04496569405028967,0.11279590045718446,0.01675493070554468,LFP,19,54,-83042.46548341308,2.696946998989648e-15,0.11827957448751013,72276.24103016873,22.11221958475896,-26.912219584758972,-0.7554834747869812
1.1406276881651178,2.2271714967278287e-05,0.00012218883817680752,2.8830263390438962e-05,5.2830684433606945e-05,1.9243663137897996e-05,0.05230494747602861,0.008796850364081309,2.037394345909929e-06,7.074103539018221e-06,0.32832480448793944,0.5638657689972676,0.015560030799559837,LFP,6,66,-49035.682124773935,2.6174397960609992e-15,0.08550244474970722,9369.290508065484,-27.610424836743924,22.810424836743913,-0.02224939571523321
3.9156729197265645,1.9821061182392393e-05,0.0002355905754279314,5.513618678113095e-05,4.347575553274497e-05,2.071279466492171e-05,0.07192679971080773,0.010613112411635034,9.49246587006409e-06,1.4543425429967823e-05,0.5010732973852188,0.5609127389463707,0.08252014108153453,LFP,20,36,-15723.743179467185,3.6641287757471515e-15,1.7001008395616937,32296.71250064648,25.269214124220994,-30.069214124221006,0.21450617741312394
1.7528027554121308,2.4593474128154746e-05,5.643200920778768e-05,5.27573468427375e-05,8.58331376903271e-05,1.220496600470668e-05,0.08440723570705946,0.004792799710739516,1.0515350403973136e-05,3.469385950668794e-05,0.22236190772450676,0.3911586452593935,0.06548642944438748,LCO,5,85,-13567.480949126317,2.1870216582243477e-15,0.11728235697664754,5373.785808956842,-31.270639982712062,26.47063998271205,-0.2509930175717122
1.0092112880676043,2.6845862753732508e-05,0.00018808335458845012,9.251516828844276e-05,4.7197815541198906e-05,1.3961054713340277e-05,0.09472532558831714,0.014388771863136024,1.0368653179427141e-05,9.51258431822418e-06,0.5638175767027449,0.23571886586120144,0.3950354955527332,LCO,5,31,-94793.09696751609,3.259404796896837e-15,0.34296654674809685,17291.075644923767,-31.783951522838876,26.983951522838865,0.2645719381166797
2.512434163235599,2.272670336183137e-05,4.383126352825878e-05,3.940867952825561e-05,0.00013629079808041418,1.793932708336587e-05,0.07885151438793854,0.02064325557128937,1.0929938036583206e-05,4.039905606585655e-05,0.36649818316438826,0.06848490478989573,0.3217560529783575,LCO,5,13,-24373.8377197223,2.0849442820605638e-15,4.784480560406385,13936.935148641214,-33.51495227661986,28.714952276619847,-0.17326085906735855
2.2850329511740393,2.7736953636426777e-05,0.00011982876328090603,2.838244002166397e-05,0.0001665206287424325,2.5451599658307e-05,0.08530168953607523,0.011238037265701373,1.2631978596386938e-05,4.418762129526527e-05,0.18493755520984886,0.2815737944602145,0.22760272742187487,LCO,21,63,-62423.68442271917,2.238387101198096e-15,0.27994468620284374,94093.59165761276,29.58800582091962,-34.38800582091963,-0.23588592290806176
2.9132952943323187,1.7262327112144946e-05,0.00021939536079373687,5.347121517994786e-05,7.325378616717117e-05,2.6628416447609995e-05,0.04218909322133323,0.011520015837245073,9.416704113824215e-06,8.524099999944735e-07,0.29156761564357303,0.16367050254183732,0.3428919191373788,LCO,4,61,-4499.879637096496,2.865302500893465e-15,0.13237847899171262,9084.128946263752,-34.62157903645816,29.821579036458143,-0.13186996267721085
3.4221078162437606,1.29750074192713e-05,8.319890133627424e-05,3.257378150794932e-05,0.00016492712871383306,2.526959103781205e-05,0.0564619866881242,0.021185114518177086,2.8012434301406953e-06,1.5215578227517861e-05,0.01276207605578051,0.1784052891141104,0.30036798313755914,LFP,4,35,-145144.66595408903,2.4696258315211855e-15,1.6647332773960597,25798.005092528652,-35.70710584806498,30.907105848064965,-0.43846465169255
2.81366156943256,1.6536743525959164e-05,7.201258985389935e-05,7.465250825642241e-05,0.0001097760632931377,2.517442334449537e-05,0.08738642007587065,0.004754058811846901,1.4388432917302406e-05,1.7301542128959474e-05,0.5182170069447518,0.1259109277734327,0.34642493894337023,LCO,23,39,-5440.661057665554,2.4637397589854153e-15,1.4925392758811593,10580.923969048717,31.470060224135253,-36.270060224135264,0.06055287366155471
0.8362419966569392,1.956481264418266e-05,0.00015030657405639425,4.0263581460142314e-05,9.891263719475729e-05,2.2382082742571994e-05,0.04152311058705227,0.005097629748434843,2.178170144327999e-06,4.314104910130438e-05,0.4207377759281452,0.3844130131419161,0.46005836221708885,LFP,22,47,-8072.938020138087,2.2927064868376104e-15,0.1026051571704375,5732.8188791584,34.01604591968267,-38.81604591968268,0.3352091512871501
1.200052689989264,1.6941342858658808e-05,0.00010282693047075644,3.742449354922564e-05,0.00010407592489303214,2.5728365002152043e-05,0.07262159411560251,0.008351292881418598,1.3390775838168804e-05,1.7734262585637922e-05,0.5395482674786344,0.38293439585397976,0.12385513441668648,LFP,3,19,-24740.92690734511,2.4623148955218728e-15,0.7819738300230221,1624.9728528260216,-39.3135673881803,34.51356738818029,0.11633779774930064
2.4689034192004984,2.443732845463354e-05,0.00024525655037418976,3.087938026028061e-05,0.000148502045107342,1.638884081912702e-05,0.04701610059955193,0.009903518679975215,1.9194256595676076e-05,2.767428100736867e-05,0.21141352870909624,0.1041012825944728,0.2217934104396611,LFP,3,18,-11254.472940593168,2.79870292619029e-15,2.977052383059924,1809.8192263434182,-39.484493976258335,34.684493976258324,-0.39269177825676993
3.4662125837692193,1.4954444620351588e-05,0.00020366148060925075,8.811645870497566e-05,6.615508093784721e-05,1.8568815968606687e-05,0.0518138642601655,0.004689553203701491,1.7505152400113606e-05,7.045117247459437e-06,0.4469490006112255,0.5538576836965254,0.4333202401074647,LFP,23,99,-8471.317667011552,3.003590650466692e-15,0.42552081984169055,12549.599169069805,34.53432116871373,-39.33432116871374,0.5041269244152157
0.7754337485995468,1.8642030223929413e-05,0.00018632480357775647,9.982272710427349e-05,0.00019266963028845104,2.6556835732309313e-05,0.040049315866101484,0.014351930527726998,1.2871702866096785e-05,2.1946731435277817e-05,0.12315893547775959,0.48731799645840795,0.08146842048272389,LFP,23,25,-43256.9437325303,2.6154867105488433e-15,0.3732903208708867,32653.684511300027,36.12536494208359,-40.925364942083604,-0.2380546475811086
1.3454563139830802,2.6378292926053633e-05,0.0001270905689071002,5.408888316145232e-05,0.00020914798660244657,2.788051095167558e-05,0.06553964141101226,0.00506699679304036,1.3501272465352614e-05,2.05414314244981e-05,0.3263924600976972,0.17251945653689976,0.3116660508321655,LCO,23,100,-5861.103902129624,2.22011106515425e-15,0.07277628033680146,25088.960882821633,37.92610230996979,-42.726102309969804,-0.11942203253323769
1.9670913712842348,1.2197990721636377e-05,0.00019928227702686158,9.887157266096023e-05,5.019309813916528e-05,1.765313916958713e-05,0.04090510817131586,0.013868010112000789,7.106297310857745e-06,3.567534238766665e-05,0.23391832998219558,0.18704493429181965,0.5878142026442871,LCO,24,24,-11559.85463620661,3.181902362364852e-15,1.1349004981355624,27932.16837513713,41.6892285147547,-46.489228514754714,0.07877746691830223
2.9904728239189837,1.3504515849276782e-05,4.7906017951676887e-05,2.5741835130256063e-05,0.000172666424296407,1.5220760681991195e-05,0.07096315463382605,0.017798913793382803,1.1465938052118917e-06,4.810677760090339e-05,0.055109157715976194,0.47254154088594985,0.39534753888787355,LFP,1,44,-113271.16779489357,2.1037151614596225e-15,0.5409416778972534,6108.115435953268,-46.63876058974783,41.83876058974782,-0.00700176251020046
2.3469252453876854,1.454074507245326e-05,0.0002263482527871791,3.5501344038901844e-05,0.00017426591741194616,1.317654423515281e-05,0.040014644139757,0.021959055983960325,1.700962556137273e-05,4.434682054364736e-05,0.3252680463672096,0.028752300654347807,0.05977006091528242,LFP,1,53,-112797.52345025839,2.517724652805848e-15,0.6024156237653366,7976.136021421367,-46.64862063595747,41.84862063595746,-0.5162095920631602
3.6140642538737224,1.2719328004569338e-05,0.0002313872987589302,6.444514854261809e-05,4.809705265298387e-05,1.5614876585635472e-05,0.06771853873346165,0.012151367583154733,1.8657632199073454e-05,4.681848339153418e-05,0.14549522522257455,0.4740755165650309,0.11388055017735187,LCO,1,88,-119670.78514018406,3.346814894119212e-15,0.5261274745619805,6086.933031672943,-46.680590870212136,41.880590870212124,-0.19654870803504276
1.3363756559242785,1.8731629269909063e-05,7.479527702817035e-05,7.70355721883154e-05,0.0002073648323291499,2.007457161854444e-05,0.08430942780063123,0.00961961645171574,9.755082470870032e-06,3.248474327935032e-05,0.37548231620260514,0.3744935903098492,0.3082396878340753,LCO,1,73,-20318.104266516813,2.1186837628796173e-15,0.11342767995092952,3362.569542300949,-46.570289998996856,41.770289998996844,0.1282155943465294
1.5138573825702037,1.4572224473913809e-05,0.00018177797416584564,7.468512827137542e-05,0.00014595420284477703,2.8628231685737447e-05,0.07486175858018929,0.008882933052150054,1.4431256449456898e-05,1.600760249102649e-05,0.27766162582567716,0.3578672111819297,0.36940275855870264,LCO,1,45,-32078.082127783488,2.7317802105529145e-15,0.37062947561129883,1627.8297048559891,-46.63572801150121,41.835728011501196,0.07493159556630957
0.3900616532916782,1.4309860852305337e-05,9.739781579321869e-05,9.944138294002642e-05,0.0001594026334965646,1.9364540139416277e-05,0.08859982154210382,0.020481305395127422,1.7723073835920196e-05,1.0059570968523448e-05,0.4392293327206467,0.5247222952763569,0.35016425022154085,LFP,1,55,-133899.75972240578,2.3029603026681913e-15,0.03377057459282456,10592.978736934438,-46.55667147967154,41.75667147967153,0.3841158782185444
2.223746711580121,2.578653155793719e-05,0.00017434054149826643,2.5976677658531987e-05,5.713509507802468e-05,1.9993373725287093e-05,0.0663172529873309,0.015231363032727945,4.148258155326888e-06,3.688160662905426e-05,0.49597941158392256,0.2779689548188306,0.14793065224845264,LFP,26,46,-127291.32334466669,2.769899177982339e-15,0.48560080699226466,108576.73232320372,47.13006682118923,-51.93006682118924,-0.008120981348794243
1.347626801262889,2.5211876731378157e-05,0.0002229216072949374,9.975882748295073e-05,0.00011744810398642446,1.7085904393654323e-05,0.06784549845583442,0.014618818547518146,7.852009041837353e-07,3.570677978920834e-05,0.1316919901943618,0.4516129753593988,0.49335333643709073,LFP,26,89,-119029.13248255786,2.5886302976196863e-15,0.10728091363342061,194019.16624204785,48.839768949729816,-53.63976894972983,0.14665830199085128
0.48104360586453637,2.1363618829452734e-05,0.0001751653106931859,8.692237167902311e-05,4.485840417837911e-05,1.980543723714002e-05,0.06359068973508947,0.019414412614942637,1.4271702528566802e-05,4.547890130619258e-05,0.15478882561940696,0.020221957709433164,0.5627691137536486,LFP,27,24,-257334.06067335902,2.8370226492328446e-15,0.1496559230199047,101478.50333430478,52.16287494709968,-56.96287494709969,-0.19222010291751135
1.2416467498847579,2.3916676508090106e-05,4.70351284040523e-05,7.019999310269921e-05,8.632565832338829e-05,2.1713066467907533e-05,0.0749295909176797,0.01590293610602509,1.7055984929046808e-05,2.356322000490146e-05,0.3484805365326973,0.15123984269592244,0.15867915458743784,LCO,29,22,-65471.02950492052,2.325434043743281e-15,0.7407596332582355,78378.54589242954,53.80557749261273,-58.60557749261274,-0.2716004661839425
2.2414704365940357,1.4945405893048584e-05,0.00010641448480565535,2.677365377631082e-05,9.199834167634768e-05,2.254343552376357e-05,0.07156908173950866,0.017677974282056644,1.8388171337223483e-05,3.1088728630691404e-05,0.25558908772056366,0.5257552148432816,0.1623628772249576,LFP,28,54,-222977.7848277261,2.3896472174111528e-15,0.33729528025522393,199965.75750817737,55.47440282893629,-60.2744028289363,0.013707179788802759
2.555279978446026,1.87190500085399e-05,0.00014899880418420665,7.890419354903172e-05,0.0002120098559282561,2.933366218716723e-05,0.0974557571291532,0.005972526211398469,1.205922068601408e-05,2.422959136816622e-05,0.17631434053003053,0.45080634725173807,0.13434734477797822,LFP,28,97,-15788.086157505551,2.3728373309058756e-15,0.23157432273059644,62633.320922858424,56.00359475469246,-60.80359475469247,-0.16853196744025334
3.730625923098533,2.7396832300329324e-05,7.125051863673974e-05,3.2115227688025125e-05,5.9472228412852715e-05,2.872422106507234e-05,0.09163692773436216,0.016886782301139977,7.263015095697124e-06,4.5566138100380744e-05,0.14656419756989758,0.4913348641009478,0.0942096984425779,LCO,28,71,-25612.044405644676,2.13742880824644e-15,-0.0035931525734679533,306556.39178838604,63.14927927058271,-67.94927927058272,-0.19789123988657686
3.9016200357650743,2.1969139317010218e-05,0.00012247346637875466,8.494018335871634e-05,8.683490003872698e-05,2.334872225004684e-05,0.07739317422231796,0.017163472194101338,1.6633469266565888e-05,3.841235110822586e-05,0.3015387770248149,0.5085555778505619,0.010632319144338794,LCO,30,49,-29989.284198329347,2.5644396273007507e-15,1.236827240984113,215236.8548025538,63.601219276923004,-68.40121927692302,-0.10927332598028439
3.296698603883883,2.0480326674433707e-05,0.0001051595412629484,4.0562546109092927e-05,0.0002087305596463704,1.3184330487776337e-05,0.05968209550620477,0.0055194455498249655,1.0824461453603841e-06,4.846349117272585e-05,0.45779738459242564,0.3893940459781983,0.19703121036400717,LFP,31,67,-6710.40502798329,2.1866867054769522e-15,0.4746905523470206,22121.01835656535,67.01723072910066,-71.81723072910067,0.11422264093463108
2.7294283892098044,1.3428382435341759e-05,0.00020138113270214695,1.8960195154731264e-05,4.2952198947235955e-05,2.0849639323548586e-05,0.07970804144356355,0.010864237835252845,6.052010688504984e-06,5.542387665759459e-06,0.32934979618476046,0.07726695320195616,0.050732293639462016,LFP,31,96,-48984.13943277516,2.6825535898532178e-15,0.12109062227062621,206310.56273099757,69.26126051635335,-74.06126051635336,-0.4726509569738214
2.9266733001012786,1.626943480034574e-05,0.00020420455680671585,3.741953636891938e-05,0.00023534908294924262,1.688101674546717e-05,0.08711836963151814,0.016312836753959687,1.2973757921174171e-05,1.765556790841688e-05,0.47353966715537343,0.2121052687631349,0.15588466323863223,LFP,32,72,-86822.51961912512,2.45892168416563e-15,0.48478885639053565,349882.1245755939,70.1560161009772,-74.95601610097721,-0.0884704008428594
2.6107149631375273,2.6810346095066535e-05,0.00016149140896095247,1.3764348948366232e-05,0.0001071710658952161,1.5718655669727257e-05,0.06607381554303249,0.01912387654391557,1.3604402407394155e-05,1.9038263948920957e-05,0.5216386796613318,0.5878018118412304,0.08973841831117457,LCO,32,99,-148863.29169539007,2.4311924396099094e-15,0.17377913086917712,423141.0639775512,71.74539405168619,-76.5453940516862,0.2691789098137366
0.8879412848735555,1.7781457721162213e-05,0.00011380484897426484,2.46450453721265e-05,0.0001477906159489647,2.389637428967421e-05,0.06590188287215026,0.0248015618833635,1.6279628236840687e-05,5.094347404710434e-06,0.35874603247210995,0.04227212551500435,0.19513032600125677,LFP,32,98,-221937.9520392292,2.5679798823737377e-15,0.03971388624017051,879055.4850908173,72.3018880851222,-77.10188808512221,-0.333851516011629
3.1828440081595835,1.201371897857529e-05,0.00024813816302503565,6.228745131907536e-05,7.247185015961285e-05,2.7975872537821735e-05,0.05033399138410842,0.019488840365583772,1.409972209045967e-05,3.144743009197579e-05,0.38877439106848616,0.02658701560155509,0.28878293518776454,LFP,34,28,-45046.55956444149,3.363792720735466e-15,2.690444080092289,124187.09110386977,72.36992715434103,-77.16992715434104,-0.22585565814219433
0.5165806129746302,2.7359451890108554e-05,6.805771816411835e-05,1.625884244449072e-05,0.0001819634613944659,2.168121497899529e-05,0.08809995296476615,0.02298567000701706,1.4728486267079672e-06,2.6618219289524075e-05,0.19345632374599675,0.3658280905714194,0.554325420509413,LCO,32,60,-212429.1625948341,2.0931933675679467e-15,0.033733195282633376,489418.756109548,73.19630656302029,-77.9963065630203,0.18360983482682924
2.1983612570856814,1.910382963671539e-05,0.0001269321763987586,1.9046483660719744e-05,0.00011020468354273926,2.789196839143412e-05,0.045387299290360214,0.009664662348347956,2.0147929045835145e-06,4.058321641569357e-05,0.0374504130180897,0.028458081254759515,0.059008065258225224,LCO,33,42,-41007.79244367658,2.4380206026281556e-15,0.46040077255656947,46898.04796458923,74.51894733486175,-79.31894733486176,-0.8050834404689255
3.9497371860361015,1.297328914213556e-05,0.0002327336682691466,9.026128079101615e-05,0.00024945154709659256,1.585109150574181e-05,0.08266726603899524,0.005616206833491066,7.292338173426682e-06,1.5217708876192944e-05,0.06282448346578519,0.40240257605083535,0.4668819220738801,LFP,35,99,-12786.213720718568,2.770249068418323e-15,0.711753343141207,57939.081253841134,79.77184841450506,-84.57184841450507,0.002108981590500547
1.9494321894591835,2.5601166567343785e-05,0.00017509756385443898,1.8576115935891888e-05,0.00021221139049942776,2.7559300747462248e-05,0.08734309495771189,0.008378499542203661,1.016620929730506e-05,2.0377980878386088e-05,0.41335929153985324,0.26713417455492194,0.5038738595109923,LFP,35,51,-26481.15261479338,2.364338782502544e-15,0.340196495001685,59156.37764470252,82.6428522761727,-87.44285227617272,0.2543673256057676
3.380707068726923,1.5986210725318636e-05,0.00020941750757696477,3.672499491530354e-05,0.00018796637070615178,2.934686501976476e-05,0.04155014576633605,0.006864767134301092,9.481685288819782e-06,2.9650549562106105e-05,0.1902588212179096,0.2378547677971046,0.12771875453925394,LCO,36,47,-8176.734577819182,2.618034291149344e-15,1.3034492655052896,24227.738573017454,83.35527692825787,-88.15527692825788,-0.3741676564457319
3.969242019431027,2.5201463148090814e-05,0.0001012687818690261,6.009609419466879e-05,0.00014579816541244984,2.3295791115616044e-05,0.05467700711339873,0.021639873624072332,1.4581406329412997e-06,4.91304165850034e-05,0.3366864614925021,0.10012924270713919,0.20645060458327402,LCO,36,73,-105411.09198201892,2.3218909356512893e-15,0.6603790871862945,459255.52057941665,84.539537345085,-89.339537345085,-0.2867336912170847
2.562327770660212,1.3548242486506079e-05,4.7691841444235674e-05,3.023533793372607e-05,0.00022236797079256703,2.6535879507096003e-05,0.09548940280710744,0.005008309528437879,1.7626031197216316e-05,3.254105646159972e-05,0.5458546225836892,0.028288372439732694,0.019800218309332193,LCO,36,73,-3358.6065182037837,2.0428761665759477e-15,0.2728651647678102,44354.59731086738,85.2270303677929,-90.02703036779292,-0.3360567866672459
2.3852690735493214,2.1220377245623154e-05,7.516299850660525e-05,1.0060366784716184e-05,0.00023539571484326266,2.283421573815811e-05,0.07055069684247799,0.015308988019768058,1.392498193048462e-05,1.930520910371625e-06,0.16099411691799628,0.22256551446335207,0.49370661230741775,LFP,36,84,-62035.06708485677,2.620050521391202e-15,0.15330567326136305,311683.87439671083,86.59438264970717,-91.39438264970718,-0.05273375631123389
1.7098612587788535,1.7963134594423427e-05,0.00020463255241426025,5.376386998588666e-05,0.00015003647787763193,2.6528817057372864e-05,0.07823722138568091,0.013812349464333903,9.721182869342489e-06,3.379947450998778e-05,0.3340506827552151,0.5900617423542915,0.36159381239936184,LFP,36,71,-97689.60788066513,2.4418173589809613e-15,0.19365413424241718,197945.81829990278,86.7844035675603,-91.58440356756032,0.3557062375088683
0.8860005222103944,1.4586751514070055e-05,4.515837532827242e-05,8.894358101267746e-05,0.00010649853255837065,1.7032400889797428e-05,0.05122158768504999,0.012762119185571883,1.653715443451077e-05,1.4083449955341919e-05,0.406254171900839,0.39069442981745156,0.4335782087742728,LCO,37,69,-26677.206763833154,2.1954476821857902e-15,0.07284714473651947,114672.78079315704,91.14832797835538,-95.9483279783554,0.30052681049256325
2.8095422605323384,2.2667992468895764e-05,0.00011981905156888131,9.91161142586369e-05,0.00011303171022292849,2.021989304798076e-05,0.08645032653199279,0.023951503581368244,8.901561503035411e-06,4.576755737759577e-05,0.2928560745412169,0.2237280990143612,0.2272301026982323,LCO,38,70,-241723.3149538874,2.4949810077690047e-15,0.507589765287702,881670.1939753656,91.80669959354739,-96.6066995935474,-0.1861857237461897
2.189652566766364,1.293582341459633e-05,8.904255331586438e-05,8.530151621344709e-05,0.00013348829840207176,1.202519986397284e-05,0.08740700550715036,0.009442290466860502,4.743158961016667e-06,3.523369469362028e-05,0.03223147555673599,0.13761571135496287,0.4981709265368713,LCO,38,52,-49955.69312805647,2.3984883598351754e-15,0.4686501400623891,108276.8530082965,92.43957346717295,-97.23957346717296,-0.26198188655142995
1.6638969211517989,2.3922901797114697e-05,0.00021785666012396,8.135595018628727e-05,0.00021195349970878016,2.039781569109742e-05,0.06480560947487807,0.014915098782530575,1.0625902258772309e-05,3.530180817498916e-05,0.08317097357662366,0.031292680718332445,0.26326204892835886,LCO,39,43,-71612.10118105024,2.587288529618725e-15,0.6165156193902737,188974.1211242638,95.14044322804261,-99.94044322804262,-0.552274296776685
3.072317648958396,2.86250499974683e-05,4.3450144025153e-05,6.231194189565593e-05,0.00012679499140284145,1.839574155588082e-05,0.0716343673210283,0.0063279104524213954,1.829196041909359e-05,1.411692351671274e-05,0.04430578424133453,0.2741147907524596,0.5512360418072574,LFP,39,76,-12020.910950534548,2.29137339828457e-15,0.36940843670321605,50886.022025646744,95.39371891956264,-100.19371891956266,-0.0603433831989485
0.8137485133374633,1.6610281120955645e-05,0.00013534937057384016,6.392158524270608e-05,0.00018392118236152058,2.8918827829168123e-05,0.0793929289512946,0.02413567576533291,1.3933462100907095e-05,3.2911664516651575e-05,0.0296559443227839,0.17452430344460423,0.586218824029729,LFP,38,64,-267172.2661213098,2.2476300674791573e-15,0.06926864779201386,736860.0929526413,95.54847808887672,-100.34847808887673,-0.13960092820288283
1.0926904851027117,2.414625086864176e-05,0.00014378524977474888,8.225942545440188e-05,0.0002108392994660548,1.2793088910727965e-05,0.09060617988830497,0.013571272886854417,1.1543856099105622e-05,4.489922090200187e-05,0.11943198644432497,0.4095220137954975,0.19746681813949166,LCO,42,11,-11822.786920330644,2.3321376656249566e-15,2.443244130474444,52749.77052890907,98.67200096504422,-103.47200096504423,-0.2035791816206859
3.5404365243107767,2.652162206918288e-05,0.00021316574054830765,7.88848341766114e-05,0.00017876771380601324,2.744540590439865e-05,0.0873017446923273,0.020026356367434817,9.707501227217755e-06,1.783305003298121e-05,0.25327299686512544,0.06321713231047629,0.07380126837071325,LCO,45,49,-66275.11831015904,2.738670814699845e-15,1.5416639250741857,595559.0073859174,113.25893271318347,-118.05893271318348,-0.539708602453685
2.682744623201119,2.7990365283450563e-05,8.078628583220758e-05,4.68417468182098e-05,0.00012720146436636854,1.8921855772824004e-05,0.04351570840328185,0.004537538591096018,3.3658347422113653e-06,3.741847922498806e-05,0.4672207126695656,0.5152701637684136,0.4541236502033809,LFP,44,89,-4126.889550962295,2.174211366488312e-15,0.20255149746793588,16024.433086770308,117.42972857223245,-122.22972857223246,0.5066145266413601
1.3603097120818524,2.2374385143227995e-05,0.00019807878909611427,2.9784735258069664e-05,0.00015387158693350685,1.2251253218465823e-05,0.07482131871956835,0.019300138012511348,1.1394969020439293e-05,2.1195394520702192e-05,0.3665464995261853,0.1297003241614581,0.2501304655967809,LFP,44,70,-180016.57949716604,2.434278689994004e-15,0.12517096729838723,575963.4387791913,117.96426154394331,-122.76426154394332,-0.1836227107155758
1.7140181072514769,2.4241115209970552e-05,0.00024993680729171446,6.48378030813241e-05,0.00020466442438722425,1.2877112202382194e-05,0.05370830304941105,0.01963754835304768,1.4861049931924915e-05,3.5712282896710506e-05,0.2863359062896219,0.04182770417594288,0.4260695990996207,LFP,45,69,-104492.12269576045,2.4639877460744988e-15,0.2369500405359846,436615.214263661,120.45780263651343,-125.25780263651345,-0.17576679043481447
2.470088431408046,1.7432357842467692e-05,5.4724646322448076e-05,8.436223427599027e-05,9.801782861244043e-05,1.458598196416732e-05,0.08183999391024606,0.0046897455138564855,6.734854467883056e-06,1.2690839708685974e-05,0.3033811301474008,0.05195496989934136,0.412051485003469,LCO,45,99,-7754.861313666588,2.3640757357538693e-15,0.17570753006652637,52548.32929919161,120.5381888411091,-125.33818884110912,-0.16261241494978884
2.208109836696385,1.7932481821009604e-05,0.00019327039622427837,4.1853296765450695e-05,0.00013875471503963028,2.837034109479422e-05,0.04466261884389072,0.005355429304439455,9.729386849225223e-06,1.1514648173954826e-05,0.4726603166605427,0.017765681948466158,0.4842968415290768,LFP,45,82,-6226.742800942921,2.6624502287884304e-15,0.217115721498873,28433.801589993767,120.56047976751344,-125.36047976751345,0.044722840138085584
1.6424413819280848,1.609402474177731e-05,5.600303291760757e-05,6.98889553255437e-05,0.0002238279957262479,2.3503143730598887e-05,0.08150177498384638,0.004276760288001143,1.4673701679692453e-05,3.344517318789048e-05,0.0927538071302752,0.5969137503269759,0.17201245406870697,LCO,45,71,-4383.1324938927255,2.11172329096207e-15,0.15585294368545363,30369.096679306673,121.38410957637598,-126.18410957637599,-0.06831998847404208
1.289748399923503,1.6219539388046264e-05,0.00013754939751019088,1.9233123660042903e-05,0.00019768110780283272,2.2553981235857804e-05,0.09800963178785713,0.016174071416587735,1.4913255853227216e-05,6.047584795326881e-06,0.06603249482892593,0.18487087313680306,0.3096835678440949,LFP,45,68,-171882.89725926632,2.631764641994253e-15,0.10477435265451282,563533.9204750095,121.50190081714496,-126.30190081714497,-0.36941306419017617
1.0788736493899962,2.9255990829538835e-05,0.00014285401898531753,3.4779665867795344e-05,8.818331677227183e-05,1.8689180101656882e-05,0.06057282729895739,0.014182477241861259,1.3293656384847821e-05,1.3618714766232484e-05,0.2259437247403763,0.18089281263178228,0.2572393936422462,LFP,47,61,-116375.87501564564,2.661324773432146e-15,0.10036977881119213,228260.42480920115,129.12070848574976,-133.92070848574977,-0.2659240689855953
1.696805247321941,2.7292054239088924e-05,0.00021493186847504477,8.005023443376162e-05,5.8244121445329115e-05,2.3914634352821297e-05,0.07827191224354618,0.014946786715275653,1.7755417508115832e-06,3.310385507536823e-05,0.4640101953656536,0.280812687346012,0.48556717638077124,LFP,48,45,-116682.13868127462,3.109411462514922e-15,0.4595631121806613,196659.84731364762,129.11598045801793,-133.91598045801794,0.30039005909243677
1.6158021667963294,2.337996168358319e-05,0.0001278962624441398,2.495469212924664e-05,9.669311140629608e-05,1.5075446273627357e-05,0.09284779021526404,0.024697793120284087,3.3224149052786263e-06,1.3916899019507409e-05,0.29022082386033765,0.25500461814797926,0.4244166981740667,LFP,48,44,-553955.5839653345,2.6328797726192733e-15,0.2700590224197466,699676.1194491066,131.79512739604405,-136.59512739604406,0.039642140182383545
2.668962953694817,1.621471496070617e-05,0.00015851346565222359,3.5021860744190694e-05,0.0001136638224507543,1.5474863771101043e-05,0.09860503017265053,0.006380995087505745,1.155216083866763e-05,1.968598699239032e-06,0.08311740603073864,0.056662112768483174,0.23804206548774484,LCO,48,60,-15201.651631216333,2.633937728830343e-15,0.27694216031880353,89441.90192589306,134.05988888717008,-138.8598888871701,-0.5521784157130334
1.5696296321077097,2.9793747138386997e-05,0.00013199121407955904,7.264012114131228e-05,0.0001559098550539865,2.1968592517337946e-05,0.08814407645582642,0.023178674355799275,2.662328151075857e-07,4.0689770438479605e-05,0.33219386683959135,0.2607808273648923,0.4373257041433123,LFP,51,19,-109510.14654557616,2.4630221137536238e-15,1.7478190061363115,263745.93606628,136.11859955799943,-140.91859955799944,0.1003003983477958
1.703564430876179,1.662750324818025e-05,0.0002384511426357057,3.926715410593993e-05,7.248981825795014e-05,2.9294786111039044e-05,0.05943515789784346,0.01196069037478104,1.6600630490862956e-06,3.185536504463512e-05,0.23806204476865023,0.5174744587714488,0.5720004368647233,LFP,49,70,-96696.54586130225,2.861527203635352e-15,0.18921259496845183,145886.62061626394,135.84186042931677,-140.64186042931678,0.39753694040482224
2.4286021156454907,1.6425070673815334e-05,0.0002037424997689038,3.1488283834918284e-05,5.9382407386581604e-05,1.4194539553378582e-05,0.0741837108295819,0.022632474040155438,7.201845016857488e-06,1.8421532126502162e-05,0.06587564529779542,0.3093366582596719,0.2056664146583295,LCO,50,91,-584184.2969785172,2.9634843510760854e-15,0.19060226169454084,1235658.6537527898,138.80868719548224,-143.60868719548225,-0.3491212817842032
2.483425073438112,1.594256895574284e-05,0.00010386120654366448,5.630406122444496e-05,0.00011836330376603706,1.4126593211617506e-05,0.07183390585214497,0.018859740943107346,1.9018894891461786e-05,9.99972916743446e-06,0.26005796850837415,0.41303868263512156,0.3318136596238788,LFP,52,70,-188208.94791226153,2.6269576197916686e-15,0.31531964189760797,553689.8786849814,145.64879417871285,-150.44879417871286,0.07491031076737442
3.8423781998685187,2.8080397148404287e-05,0.0002486156741939157,5.751409304766408e-05,0.00024433018125779286,1.6659998693307486e-05,0.07127403863361559,0.020392553689701397,1.815930995963199e-05,6.170452606651684e-07,0.48594694927652593,0.3598504332314993,0.5405120171839821,LFP,56,29,-14378.555063717718,3.063896728751064e-15,2.6818482172386426,239359.1452678581,148.5729085634688,-153.3729085634688,0.45630939969200723
1.693785663421295,2.423906711722574e-05,8.900214992419723e-05,2.0487438777761482e-05,4.564914569324694e-05,2.521001387751491e-05,0.04381918828971923,0.010818498227715419,1.3093624225012497e-05,4.477187922450677e-05,0.3245250954867911,0.576093107572266,0.5145332477142256,LCO,53,85,-59590.56977157426,2.308820087259501e-15,0.10261912734983658,104237.2165028546,152.48663772193865,-157.28663772193866,0.4851514507732825
0.5170112820169432,2.8368851132277735e-05,0.00011350470805078668,1.3836455751778369e-05,0.00017673103306602717,1.9573972441876336e-05,0.06758956282350273,0.01335884888411667,3.997114864135496e-06,5.598985331144534e-06,0.35530289315900776,0.20742536751074042,0.2841837144336605,LFP,53,100,-62207.23586941754,2.4696031314087292e-15,0.019813832385379496,393963.29253980867,153.52495925211662,-158.32495925211663,-0.0830880248965914
0.9292011071555104,1.894266929340078e-05,0.00011618583277214162,9.79205482622218e-05,0.00013946193615784207,1.6670123194012633e-05,0.08274396911296328,0.009477848360235717,5.414843385442978e-06,1.8941822233561907e-05,0.44409431933553273,0.10239733635884377,0.41316114488093886,LFP,55,43,-28743.025744587525,2.3712031843546386e-15,0.16428575741145768,107207.67886517178,159.17304193788428,-163.9730419378843,0.029652800575315275
1.429994084910634,1.9543019668238547e-05,0.0001837259425904835,6.864882214185641e-05,0.0001273108184901685,1.7398494157952214e-05,0.07919099131147969,0.004265926055333501,5.892141954064841e-07,1.4547980641302568e-05,0.4547059497041689,0.5063397737032174,0.3956035707193776,LCO,55,82,-7456.481191470826,2.567827949713917e-15,0.11537823374190766,34201.99946821758,159.68835184299536,-164.48835184299537,0.4266492941267638
0.24607038625100422,2.921835505695559e-05,0.00012619036020684258,1.3764147541947309e-05,0.00012614624448150044,1.9251446141578537e-05,0.04644546585447566,0.019571763137978225,9.768533676138758e-06,2.317591659768636e-05,0.27553345830366444,0.3274726624886332,0.06273360199745213,LCO,55,99,-135769.98866899748,2.238495330766956e-15,0.009001718967664931,642850.380895142,161.92652193607833,-166.72652193607834,-0.26426027721025025
2.5331550546866293,1.3888077911483254e-05,0.0002462932059023451,8.880191119555536e-05,0.00010278562234262547,2.626255646703715e-05,0.057542899465277866,0.012887828486644434,4.883937457966033e-06,1.53574631068057e-05,0.314467144770087,0.415777640122538,0.44639134914533135,LFP,56,31,-10504.379016508066,2.932505877864368e-15,1.1324438773364771,92216.57230123346,164.75376716624282,-169.55376716624284,0.24663613403795626
2.178992198990483,1.6255565656208772e-05,0.0001852470978555055,6.996002555845588e-05,9.693794890011434e-05,1.9668066460119585e-05,0.056766246376009966,0.00961346800918147,8.758623589856108e-06,2.2200552719053094e-05,0.5377702281655002,0.09297211326526486,0.4939873031657675,LFP,59,45,-26733.763076806816,2.8521529440018297e-15,0.7611436654175202,78732.39739910251,168.13640333363128,-172.9364033336313,0.19472964459653264
1.1500037354315003,1.8308429484527073e-05,6.839422101998578e-05,5.948978736942093e-05,0.00023672949271902766,2.4231916180040144e-05,0.06413372296402442,0.013504379710180028,1.210097266021216e-05,4.0034295326695536e-05,0.3822574461797994,0.0640231471973476,0.0665431412028466,LFP,57,83,-25160.257464925748,2.0617396808836953e-15,0.07238956411699984,400863.85350004124,168.69706471443624,-173.49706471443625,-0.4171762654200065
3.9707966113669517,2.5920106951663186e-05,0.00012340989439728412,7.210506454359729e-05,0.00017201559032934807,2.4242455059546654e-05,0.044685598780491484,0.02289399124495024,5.689032105879277e-06,3.35062083883262e-05,0.10747426437465983,0.5805529569389555,0.07498928236768772,LFP,86,2,-0.0,8.990121049711573e-16,0.418141123029784,26129.562257833284,171.84808144145106,-176.64808144145107,-0.16698349631869702
2.2576620798429494,1.519822802838122e-05,0.0002221045782993874,4.455732726992036e-05,0.0001273569848680591,1.7652936263909107e-05,0.06513749530841938,0.007297847385512084,2.617541056678712e-06,3.3574165743897435e-05,0.5727985280843707,0.37306177304881544,0.289824383744231,LCO,59,53,-14513.781595375936,2.5998858659875293e-15,0.5255351119838055,62459.889244321676,171.63585379770643,-176.43585379770644,0.30568468487741696
3.6483262498853626,2.5824272281369467e-05,9.951243285121095e-05,1.4840629170208207e-05,6.504275179208859e-05,2.57132946826041e-05,0.048067869137286036,0.01658976561336816,1.0324392441516566e-05,8.217589176721333e-06,0.46988737435676975,0.31668509668005,0.2187146684715557,LCO,63,15,-46858.897016169416,2.8318898927014352e-15,5.02985283812978,70117.69240528504,175.03530356416766,-179.83530356416767,0.07528713950837551
2.499425337673626,2.135801937444536e-05,0.00015926925975586994,8.54504529772422e-05,0.0001894749056304262,2.9168486588186162e-05,0.09436586405767408,0.01969646811124855,1.0456144445478468e-05,4.053180454443788e-05,0.035661647769416126,0.5052777081789195,0.4072795252066223,LFP,61,71,-210333.50754093053,2.4451337396463474e-15,0.4165764752414361,968383.4661823328,179.45014695434458,-184.2501469543446,0.018218881154957844
1.5652114253721325,2.8586854717303715e-05,0.0001815825534328706,1.5637193817766537e-05,9.6521206699638e-05,1.5802829879320298e-05,0.09421140443855693,0.012898304048229553,1.3666544717413715e-05,2.8978924421732636e-05,0.38158394130457435,0.12227649358453599,0.562491579842093,LCO,60,89,-123033.88322621387,2.4249700969152833e-15,0.09920936453984974,489463.6208614542,179.59689772592057,-184.39689772592058,0.13635201473120329
3.8705563244912167,1.687582923213184e-05,9.373813679532832e-05,6.112294705300354e-05,0.00010752274629963738,2.3623361764356025e-05,0.05234035565475467,0.021026012640638955,1.271015871135141e-05,6.828991940795438e-07,0.1187278804720852,0.5715428953225582,0.1457959286069306,LFP,61,69,-35209.57488175641,2.7781502359923893e-15,0.31706734094826583,609832.5135643473,185.12111339888514,-189.92111339888515,-0.09393329559842611
2.1284605836457082,1.4060333923702136e-05,0.00011340485428734551,2.926472899630101e-05,0.00012620053233736636,1.798442457608105e-05,0.07693688767644632,0.023815854362764215,8.555675887085974e-06,3.5274168344806555e-05,0.5762005558782081,0.38061492056011376,0.5568177687851996,LCO,66,11,-62370.054802647726,2.3194155209961414e-15,3.8475641850300843,152509.14541858775,185.4254866775693,-190.2254866775693,0.5836332452235214
3.7103357782311703,2.0903444254542963e-05,0.00019694439869590588,9.661219034966958e-05,0.00013364389434108464,2.7147631403778833e-05,0.05316237052504059,0.024183189160345456,9.060665637968274e-06,2.1364702011585687e-05,0.5699678463181498,0.19127180594562157,0.01770174479120834,LCO,64,83,-80287.45976334356,2.746234230986412e-15,0.7931481992073208,1129776.702000543,186.25749206298443,-191.05749206298444,-0.15105860294502038
0.46091170084751293,1.7231825973896353e-05,0.00010398610213569785,5.855242826822427e-05,0.00023019986159847401,1.4700022588891496e-05,0.08235714773227959,0.004907677043906134,1.8130456031355826e-05,4.439860483752871e-05,0.3979912098271982,0.13177322153679333,0.2122434466853963,LFP,62,96,-6190.4435476408435,2.0537825147359363e-15,0.019715673065683767,80098.88390825302,188.94740752162141,-193.74740752162143,-0.1879921219506122
0.22603095382560895,2.8229946248328093e-05,5.920457116843035e-05,3.3011161315033766e-05,0.00020333233608788918,1.7157011650216035e-05,0.09339742612222907,0.024974845366137366,1.9786325262662012e-05,2.113354911223155e-05,0.2032396512746039,0.5712598251297846,0.31733679804836445,LCO,62,58,-216763.14109935958,2.0819095563538234e-15,0.014817989163731915,1167619.893569302,189.03321351579956,-193.83321351579957,0.16183627445275273
2.3851882822084596,2.5915008290719055e-05,9.123747862627542e-05,5.729215856643678e-05,9.114818191019508e-05,1.363728486493912e-05,0.07600485068817839,0.015344927137016594,8.7657457162412e-06,2.6842349652170917e-05,0.3307783857051735,0.2091623722978574,0.1596971733048291,LFP,63,97,-123278.88387416977,2.333249993928935e-15,0.16272794803373003,710595.4306305858,189.8623491557523,-194.6623491557523,-0.23036206869214004
1.5564855985946793,2.4114985627899728e-05,0.00010933546557514613,1.7438686107720397e-05,0.00021125965255468858,2.2501676970094294e-05,0.0949862881918876,0.02481296805132533,1.8650955278288238e-05,2.1731382004577e-05,0.4728211078770451,0.30967670842016404,0.16254075576372706,LFP,63,51,-206064.33776770698,2.1727398385672202e-15,0.20884559742234932,1122235.823865209,189.98834836402202,-194.78834836402203,0.015038572060936173
3.5165659334727972,1.542275230888267e-05,0.00022194466634423217,5.5275780990116675e-05,0.0001482036868187144,2.2651190557450364e-05,0.06467141602020371,0.020395634990048612,1.1779822546831098e-05,4.8652264422213185e-05,0.22767300431286153,0.2741534458015807,0.2823440538583849,LFP,68,28,-44179.314499841275,2.6679177955112412e-15,2.9320508674714154,340257.9927756507,195.4670220772885,-200.26702207728852,-0.14582949602717288
0.2347950837687828,2.1312378872691384e-05,9.079907238935438e-05,9.597039618963429e-05,9.162141120280004e-05,2.188045313199097e-05,0.04812559272908404,0.015070278575429951,1.686898874598028e-05,3.9423786353960854e-05,0.5649871070005895,0.16750837014874814,0.15147244968739632,LCO,64,62,-33917.54034977377,2.1079997958431286e-15,0.015556127187341093,272569.6710489309,196.50506222358038,-201.3050622235804,-0.046032073163266074
1.0436734052099423,2.4340505444410617e-05,9.322597272210665e-05,3.7688309251609756e-05,0.0001611795524468219,1.2291206729204327e-05,0.09997094482600218,0.007626340198457132,1.9263774986023416e-05,4.287118155335611e-05,0.5672891993602206,0.130689970883329,0.06666627067656009,LFP,65,100,-20070.019846236628,2.0677963013968412e-15,0.04983313213724667,244723.67098308683,199.73966518669312,-204.53966518669313,-0.16535455907989038
2.314004171716199,1.9414737886888436e-05,0.00023060953590693051,6.206651808490663e-05,0.00014951820118091547,1.8142772063695897e-05,0.055898354331832864,0.007270485659746006,8.822950813524805e-07,5.454492417735157e-06,0.11585775189087823,0.27616730994545063,0.17568093510654476,LCO,67,79,-21043.300546289396,2.7000022839346825e-15,0.28967511160363046,114427.96019244449,200.48223214950275,-205.28223214950276,-0.36229400305712645
0.4148538035720603,2.5071837077067205e-05,6.629336907862585e-05,3.161107350126032e-05,0.00022974091888615573,2.3971950232072286e-05,0.07734019271857204,0.01864316871716502,1.951268189407188e-05,3.781982177794898e-05,0.14982022588524477,0.59853525977995,0.08765314064931616,LFP,67,26,-98163.71002593577,2.071046829369689e-15,0.0805320706510891,290870.6921515058,207.15609796062276,-211.95609796062277,-0.09399137368548904
2.9950209139509654,2.229863334654666e-05,0.00010576450804236648,8.891232983882794e-05,0.00020582798291648926,1.7271729885946527e-05,0.08271545615293549,0.019231936144585855,8.294466431798432e-06,3.0903187101204225e-05,0.454377518039791,0.17714071949567664,0.48269842311687744,LFP,70,57,-78877.05281367089,2.3338554825847067e-15,0.9722613447071689,694506.5837145767,207.33465667128505,-212.13465667128506,0.1842166606523451
1.7987212026282602,2.1838327933115907e-05,4.0473870038987026e-05,9.436898582652647e-05,0.00012946390182303182,1.3679489426107824e-05,0.07350448942093535,0.017160579071595024,1.8316250600939017e-06,2.2041405730313117e-05,0.3559208178349209,0.16298434042503646,0.5489795997417798,LFP,70,33,-54756.12190346186,2.2755574699441635e-15,0.7274610871722308,284230.23296702973,207.64487489093474,-212.44487489093476,0.13788475800173716
2.6752571434264754,2.1320318139388784e-05,0.00024343393947316223,8.960570478615649e-05,9.277395047619001e-05,1.8540605379352457e-05,0.060657119247682426,0.021550890444955836,1.0742197984325143e-05,3.3627437147042e-05,0.24984057027076492,0.4964587896139936,0.5750819714934939,LFP,69,81,-244205.9175854614,3.0159128100718735e-15,0.41661866859484914,805328.2354395472,208.2247131879591,-213.02471318795912,0.3913813313782525
3.433295655995654,2.4600128795275905e-05,0.00022659963674844438,2.0074339361010594e-05,0.00015129853990395617,2.9765868279729603e-05,0.08572240899919663,0.011058213899680001,5.220592398676469e-06,1.1633843670806467e-05,0.10939679201822322,0.07634436032409851,0.020962107729336335,LFP,71,70,-79140.58732308813,2.9911749665251966e-15,0.6366822298608886,415527.27667317603,215.37644959711773,-220.17644959711774,-0.723296739928342
1.5864162195727143,1.500819584266917e-05,0.0001050739188343554,7.51951102157138e-05,4.783784972312572e-05,1.7338591527583384e-05,0.04822521045440144,0.01751974449754988,8.160085390259018e-06,1.519209386219409e-05,0.017177468908518317,0.04953271479583905,0.5749479410345129,LFP,72,50,-186872.5718138679,2.9811963900530026e-15,0.2581126177561044,361384.2222188836,219.91467775243214,-224.71467775243215,-0.28834187526112987
0.9364115685313896,1.9621592249004166e-05,0.0002357132075385085,2.1221840163592206e-05,0.0001375721651130858,2.2527494530729365e-05,0.04593162081732402,0.011885578494905857,1.7799956351427846e-05,2.038015080763096e-05,0.3351195545255197,0.4985875985263,0.3199014217766396,LCO,71,59,-45858.46295014528,2.536613617315114e-15,0.09563280868669913,156148.97419805886,221.3004914113528,-226.1004914113528,0.2236085748284592
0.936315423057194,1.5061232847864571e-05,9.887953039540377e-05,3.60909557038813e-05,0.00014507745746768506,1.4487406890610794e-05,0.074458843724058,0.011246603479175853,1.4771737325602686e-05,1.4499279052845423e-06,0.526613670567286,0.5043667320198917,0.25303720973218846,LCO,72,53,-40501.92022469021,2.549377654015259e-15,0.09469574603185434,193357.7593725355,222.34539305934172,-227.14539305934173,0.35401761231936624
2.543693737061268,2.2228845255185046e-05,7.077868172999233e-05,6.528154545955609e-05,0.00020106038079590428,2.3968642107695656e-05,0.07574756156057183,0.022892104264251537,1.1120310834475508e-05,1.8566788239738443e-05,0.5512768758245432,0.2386675694276368,0.5314212793476718,LCO,72,92,-71782.8226620404,2.1501205946811888e-15,0.20948461865876447,1354516.9875766456,223.2076153651182,-228.0076153651182,0.39136572459985175
3.996557016602054,1.5366180915216383e-05,0.0001581534925513191,8.072058667193812e-05,7.852684050795286e-05,2.790123381659049e-05,0.08600438512557676,0.006854296353783429,9.502389303699722e-06,3.1352376666909476e-05,0.05036198873066718,0.5707923687736542,0.41048619294009314,LFP,75,71,-39266.35024745167,3.0877688140722423e-15,1.0219299920828093,125286.67573655029,224.80623125014043,-229.60623125014044,0.10164055044441456
2.4726607835535885,1.7629339419660472e-05,0.00010973922505064563,3.687271379366567e-05,5.316780597994755e-05,2.4332770625393898e-05,0.0806791543223028,0.014707605658875172,6.074838564526507e-06,4.0100598495045257e-05,0.5140025206366048,0.5297665908709367,0.11896077694089001,LFP,76,39,-135549.94540745256,2.598770179958859e-15,0.7091056145689212,270902.7088451009,227.42942954021137,-232.22942954021138,0.23272988844843157
1.7180384982991306,2.5650496407943763e-05,0.00022230430312455165,1.189848442654746e-05,0.00020818865267108492,1.4582796182004681e-05,0.06648064702264313,0.010854428141229104,1.1168565409063703e-06,8.220621873554075e-06,0.44449909583427044,0.15786376663007398,0.3776764422634609,LCO,73,95,-33442.755380219896,2.5755836317396845e-15,0.10826761255278709,343060.8539476966,228.91685250687212,-233.71685250687213,0.05003930472780527
3.549507764442739,2.5410800130708836e-05,8.08839343244255e-05,1.8012456116915297e-05,0.00023400609371142963,2.1932629473955747e-05,0.07255078005993489,0.010334664093105343,1.8396253757244656e-05,4.1447232860293186e-05,0.25028720492735823,0.4950144917356312,0.18772002006141242,LCO,75,57,-27253.885903926777,2.1305028109741064e-15,0.6105964600521249,200294.21094356116,231.42450332328704,-236.22450332328705,0.0030217167244018794
2.0064511577493462,2.370584677711633e-05,0.00017499694650897573,1.7614970741780133e-05,0.00022828336552323467,1.3956993576550858e-05,0.09107579405067448,0.007557896279105705,8.737574877469694e-06,2.140402630462371e-05,0.3122149565382942,0.2649042132314916,0.19604006693704384,LFP,74,85,-27234.76986578016,2.300105494003804e-15,0.15407225188150023,217044.64477954738,233.0254041025353,-237.82540410253532,-0.15684076329317043
0.7625794737310936,1.8819061928378343e-05,0.00015258894031778698,6.112117810975885e-05,0.00016159538177677908,2.6517732757268657e-05,0.09649202605793275,0.009034289518029703,1.0277785289475503e-05,2.8478334383708498e-05,0.01420756505240357,0.1834401553233567,0.37174828787031167,LFP,74,75,-54596.119758061985,2.3213665755768454e-15,0.05131205084863728,310759.20487058733,234.01186578808122,-238.81186578808123,-0.3606039917539281
3.9134489200708824,2.4345302825601358e-05,0.0001538472160032629,1.8444979853420294e-05,0.00022007265710503095,2.332254615872499e-05,0.07593484647163713,0.02369002230143067,1.0980431978902222e-05,2.5919187555826525e-05,0.4684183821867804,0.159969819174807,0.39620899107945046,LCO,75,91,-141108.320367796,2.2732229486680334e-15,0.3933926657149812,1760728.5548058944,234.25497731734444,-239.05497731734445,0.0945971924410377
3.082844212791816,2.15299253704148e-05,0.00010396677140351806,2.7993338385882853e-05,0.00010293805186408647,2.66468790419615e-05,0.09589460483295592,0.004479822785231189,7.551244700859794e-06,1.1446196083149155e-05,0.549649634390712,0.032039699968602404,0.3810429164931235,LCO,77,45,-7889.506075262697,2.546907009971304e-15,0.7829908095277783,39983.08274526285,234.42622976974357,-239.22622976974358,0.032732250852437916
3.764926717385028,1.60172529881256e-05,0.00013280914839759142,7.57871504734346e-05,0.0002230083726244132,2.7501933477684033e-05,0.0715939887673506,0.011894415281955489,1.2615583471777192e-05,2.39417229688489e-05,0.573169236572607,0.13904204030496378,0.16739441367146474,LCO,62,3,-285.0539873758214,1.3261084407209414e-15,1.2852766279547154,12291.262738985733,235.57731228574502,-240.37731228574503,-0.05039430945096457
1.9291323887069547,1.6642347760194926e-05,0.00017761855671373375,5.0502414021049193e-05,0.0001646623114002958,1.9248713310256662e-05,0.06469033781578999,0.015086094743042715,9.4273338774642e-06,4.384744341068611e-05,0.08112946611555762,0.2949686409865669,0.05973623385731245,LCO,79,15,-27477.492311174887,2.5279734846758307e-15,2.8909200507443944,133016.38293533228,235.7385740610857,-240.5385740610857,-0.4941656590405631
2.7258256252105975,2.6195906563253035e-05,8.454714513700468e-05,2.930122358868321e-05,0.0001908063719635448,2.650123489469327e-05,0.08241081958839772,0.007598559649078702,1.2539851562421257e-05,4.377141438711758e-05,0.5281049078726129,0.453036930644748,0.4901385733154084,LFP,78,34,-13206.30713384129,2.1736470573525203e-15,1.120577711871965,57158.24077617834,237.1201217805021,-241.92012178050211,0.5412804118327693
0.4791308036430724,2.602877245897569e-05,0.00015700981044606863,3.3293986164018584e-05,0.00010130507194453883,2.1032406183173946e-05,0.05515771764942479,0.021929626115112833,7.1955590298704e-06,1.3534854560485903e-06,0.48704976512574294,0.5029960739931132,0.1365754023851382,LFP,75,94,-75449.87600603857,2.4008201146652435e-15,0.006209679851165338,1012428.499683181,244.07677437745642,-248.87677437745643,0.19662124150399418
2.5936996229324727,2.8571709038861473e-05,0.0002435905335413381,3.609265797339839e-05,7.054678664816845e-05,2.8655747635221547e-05,0.058848754378695696,0.010145455839669134,1.31108012494718e-05,3.9867399338489214e-05,0.11364634577095772,0.20232093001144294,0.20541670184934233,LFP,84,13,-14666.495120076357,3.3576613490719457e-15,4.811990375548489,46287.22455610703,250.09070620190366,-254.89070620190367,-0.408616022368257
2.3955341410542434,1.2257232007386662e-05,0.0001678101294178479,9.943407592000165e-05,0.00011101890576564294,2.4776680150710165e-05,0.04923914021959279,0.01954964657290112,1.5054096488188032e-05,4.863245451985263e-05,0.10433016780119873,0.5575932023503745,0.05757939039559145,LFP,82,50,-132612.5268855594,2.7770767807400793e-15,0.8983883964954731,526404.9630772632,251.74769404010559,-256.5476940401056,-0.21049723945283538
0.6060015347722529,1.226583269276427e-05,4.479602626270333e-05,2.4018217458642882e-05,0.00019964969964498503,2.3883664872234513e-05,0.05633656327464308,0.01858471621344458,1.9453385957992547e-05,3.772620783969877e-05,0.349377165397332,0.21228135400278922,0.06939581671024657,LCO,79,51,-49308.82621396353,2.027838922011744e-15,0.05565518480384793,542516.7774351196,253.2992440743263,-258.0992440743263,-0.2989456638896323
1.8418318823562383,1.730142321774718e-05,0.0001503263676955191,1.7990010961306592e-05,0.00011349137186856601,1.2312587931263034e-05,0.0837159305514443,0.00639649833967393,1.2486351971417734e-05,1.6961593511600444e-05,0.4679894905249233,0.31118940929687955,0.35506569918936093,LCO,81,39,-22815.72727332579,2.5479426209859247e-15,0.44199117945288735,63373.1575363853,255.27781535682064,-260.0778153568207,0.20424459901116354
2.4243872874921992,1.681626345491622e-05,9.547063147874263e-05,9.829150940543512e-05,0.00011644391601961949,2.1172997921438385e-05,0.06438508315958263,0.019363421889992207,1.025527102615778e-05,3.788066748165456e-05,0.43715772962838706,0.5299350628777391,0.20429763083096159,LFP,82,33,-25365.278352842317,2.3846243716793532e-15,1.2367631570785094,358269.8444229194,259.9507935704538,-264.75079357045377,0.2413904233370877
0.2533503386396716,1.21095033717834e-05,0.000103099215002635,4.5205748121183206e-05,0.0002437790761826276,1.413097713028888e-05,0.042161674957268865,0.016670686506496585,2.771260408672687e-06,7.93161695435066e-06,0.05256507514947704,0.543686538623909,0.08577997007415471,LFP,81,85,-61206.47435142952,2.35589647497725e-15,0.011125502734757273,565443.1952452192,261.7944938693855,-266.5944938693855,-0.24796841615245924
3.5965973629862344,1.3352498683319018e-05,4.7240350648005954e-05,8.73834031711942e-05,0.00021478019125555387,2.183801435501731e-05,0.08605508367197254,0.021628372485284566,1.0818098924701864e-05,1.0778425911349663e-06,0.3229269817195236,0.4756045270021669,0.320730450740452,LFP,85,76,-76923.22274184105,2.7391527673299802e-15,0.5968228652498055,1485033.4726352794,262.59879313572173,-267.3987931357217,0.18926195946214242
2.8862012750767776,2.6086312216674688e-05,0.0002303007725331968,2.1680666496512673e-05,9.79132496319484e-05,1.3859644501550006e-05,0.048489034287387045,0.018018146983122478,1.7087226883356765e-05,1.4291635649175847e-05,0.4373459679792164,0.3033713494591258,0.22125406117889088,LCO,85,31,-70472.60955538398,3.179669444542268e-15,1.7208737923119715,261843.90122771024,263.2274082332416,-268.02740823324154,0.03197137861723298
3.5153124049876627,2.9756645578638624e-05,0.00016569812243552028,1.6805568757223206e-05,0.00014943996580509051,2.2741587783508583e-05,0.04015228671403891,0.016194082027930864,9.354967216150449e-06,3.925533874684207e-05,0.2611808025326787,0.16214881349976706,0.4575894779564173,LFP,83,68,-73568.81193172076,2.4220525687554567e-15,0.5437600214193404,361822.8267962146,263.31712427176546,-268.1171242717654,-0.049080906011136904
2.4862227951461797,2.796516480908054e-05,0.00020739340197132545,3.2083571447131535e-05,0.00010685851425146052,1.4069509208828082e-05,0.08430298443926353,0.0169223331397426,3.781763428435395e-06,4.005623930437033e-05,0.5251439262240999,0.12193105636728852,0.40764133465398794,LCO,83,82,-122756.81644371549,2.4685490642106666e-15,0.25081193641230937,997743.9326935266,265.5846260573584,-270.38462605735845,0.12471631724537635
0.6942661840265762,2.9816141873406825e-05,0.00017950829372103219,6.838384063477541e-05,0.00012647952767122085,2.1695866751924117e-05,0.0864499909736077,0.011567981260455783,1.6971598570485638e-05,9.848455693768006e-06,0.17596797137462475,0.03767569666713018,0.48689364419430353,LFP,84,66,-79761.52975371755,2.711281880327467e-15,0.05584120577068983,425744.48981156276,270.4492180689374,-275.24921806893735,-0.22946268776394152
2.2806713893547523,2.0693065059421287e-05,0.00017846669147565563,7.267675844035487e-05,8.837502637035275e-05,2.5089657067681026e-05,0.06740428571502566,0.019536659003699573,1.3103500212168822e-05,3.821527586743642e-05,0.36432966586167864,0.20983659005921818,0.0903362542820637,LCO,84,27,-32707.878939137867,2.714932369845391e-15,1.1914780671799554,406938.75308127975,270.84268728496977,-275.64268728496984,-0.26549748979703947
2.5860366178674132,1.520795604571781e-05,0.00022443182295697617,1.8830512407275276e-05,0.00014612636487840096,1.776693257343773e-05,0.07572142977168891,0.01132766075406079,8.342620285109845e-06,1.3201415008281675e-05,0.09908696549682286,0.36221352173201216,0.4223215202799628,LCO,86,52,-95595.39498237481,2.9737465162235253e-15,0.6412280585854228,279313.35262654175,271.590396833462,-276.390396833462,-0.046377992491202336
0.6443710765867217,2.4480671349607155e-05,0.00018394599311634228,1.5210246111853807e-05,0.00018591861990669139,1.7492340319409817e-05,0.08152373064575441,0.008986873470069025,6.775231041699081e-06,1.3119792233430526e-06,0.20288916525170805,0.317804877404906,0.40280643213795314,LFP,83,61,-19834.87997345628,2.413015971642451e-15,0.018907628821979355,205049.40543993984,275.1715498152329,-279.97154981523295,-0.006499525205432843
0.5506336543185585,1.6675405396046328e-05,0.00016739097808773855,3.3803151984044695e-05,0.00017034607230505204,1.4709766778791919e-05,0.06462667614667054,0.01402961091263284,7.604740681583749e-06,2.3752581981097024e-05,0.04577184008313344,0.2818132949532417,0.08829333366986301,LCO,87,10,-104013.654929727,2.60781044855889e-15,0.7451151304752125,85052.5353730222,275.56861441149545,-280.3686144114954,-0.5141215312937619
3.7142746163588396,2.2332659967110894e-05,7.269319272713569e-05,1.2951575617106899e-05,5.620108367075398e-05,2.8937391749795215e-05,0.05146126583013139,0.019436255827850798,6.961079031534652e-06,1.6725839582907195e-05,0.3120446973964857,0.1311729691071226,0.4275606774410597,LFP,80,78,-18006.609977917702,2.088516876882456e-15,-0.06821654436384691,669701.5966289266,275.8884325563581,-280.68843255635807,-0.05922165605533214
1.059149707881456,2.374369495983369e-05,0.00016251608288689052,6.878345750280214e-05,5.93235185606331e-05,1.97288378804993e-05,0.09762320064077797,0.004083689303225114,1.0556067963457545e-05,3.2039362117430574e-05,0.49921429569052506,0.5725784712723462,0.48309422273532965,LCO,85,89,-10583.613644015719,2.4698078759207823e-15,0.06515908280970617,57163.64273267919,275.40888619560803,-280.208886195608,0.6248869896982009
2.6726772321860857,1.3229175494531498e-05,0.00018673203058687903,8.299894461747499e-05,8.929957123806842e-05,2.2030801662946073e-05,0.04903022102536225,0.01924288689531714,4.988563031386188e-06,2.682642564698526e-05,0.09863619106714153,0.1418152942264974,0.5888921533621674,LFP,89,54,-162732.6508992202,3.1320606742829062e-15,0.8549646397689188,565666.4484658511,278.3322435537593,-283.1322435537594,-0.10065636134419376
0.43607617756796296,2.712837741332221e-05,8.907501765590748e-05,5.604767245597719e-05,9.980852713623198e-05,2.653938806858699e-05,0.06846028105803642,0.013132626837133753,1.072414002425766e-06,1.7066714552714116e-05,0.49008163087772166,0.5947726941533411,0.12364226047720114,LCO,86,24,-51256.26375354369,2.299274529296582e-15,0.09999261962081056,127805.50202712382,279.3354100827921,-284.1354100827921,0.27849658550826384
0.4499678973092159,2.123087620916732e-05,0.00018364456270459175,5.193245745124741e-05,0.00017904069848367427,2.560816534653862e-05,0.09901388935536146,0.011211918230137518,1.9006521349346765e-05,1.9840694715552226e-05,0.41901593437060225,0.3110317282880081,0.3594207628510388,LFP,86,58,-57635.33038434484,2.2873301620458733e-15,0.0369801566771108,354635.85669667646,280.428991915948,-285.228991915948,0.15946842550964913
2.461999814565326,2.9376576046240616e-05,4.525299945094661e-05,8.650302355492442e-05,0.00011620767401832976,2.7032260256775896e-05,0.09637975077050649,0.004925338371319042,6.808617118402776e-06,7.014345617790574e-06,0.5003106661085996,0.18311915110786245,0.24976844963579561,LFP,88,77,-4837.904791512814,2.3505012219304255e-15,0.26957747630310736,90574.02654061024,280.88450112670296,-285.684501126703,0.0031982668522576585
1.3905572702398283,1.5919400776018297e-05,0.00016304976171379603,9.039978396014169e-05,0.00013858427943298608,1.830823503555525e-05,0.08619341089892493,0.005666111300011385,9.638953256388664e-06,1.7273483868758134e-06,0.02415730598662895,0.24624214930675614,0.1805981412249832,LCO,85,76,-7580.9483209685695,2.55623958582621e-15,0.07032040387865054,135801.025805968,281.13630647088905,-285.9363064708891,-0.47900240348163176
1.2550035742102166,2.455181173819734e-05,0.0001627516066221738,3.409751920373357e-05,0.00023472034223957612,1.3915500143287387e-05,0.0519851185075758,0.024124455343627706,9.444063656853312e-06,2.0708167478326094e-05,0.1762819084054744,0.015522279505012747,0.12985442364483749,LCO,88,63,-145915.78251615804,2.311392306570622e-15,0.12471677277222996,1337185.360840486,286.7644985036875,-291.56449850368756,-0.6083413884446754
3.1380346201754463,2.3693704679032382e-05,9.194857980181765e-05,6.060328797172862e-05,5.2071538036128674e-05,2.7677066479262124e-05,0.05625828101799671,0.019440691825242492,5.387121473370225e-06,1.9253655377298533e-05,0.17200034461787683,0.18922577773381663,0.24626773480253952,LFP,84,56,-24291.50968468023,2.3859601773076873e-15,0.1706478091133111,645859.6085943624,286.91973315072187,-291.71973315072194,-0.32250614284576706
2.6343832431047476,1.5844792550127048e-05,0.00017953521933064017,5.3897894733715776e-05,6.972500168780571e-05,1.7387100916703296e-05,0.09831206334652957,0.021474261938305428,1.74611391028912e-05,1.9299502193204196e-05,0.23387113015540553,0.5069963619801504,0.32877768296997656,LCO,97,15,-78094.38920960372,3.0698349921857745e-15,4.301568729655875,390000.19432756305,288.21327484802987,-293.01327484802994,0.13964517510553243
3.672827715468782,2.9240333422944844e-05,0.00011310727701348009,6.721811345409455e-05,0.0001978124774472376,2.0804391171744565e-05,0.07548740313949354,0.004689329851854178,1.5232461017321885e-05,2.4816906923519042e-05,0.5315158645198785,0.34324012882275196,0.4251518490474656,LCO,91,85,-4045.227721441602,2.2841439657632747e-15,0.5194033122416699,67228.18366665582,290.2304510968098,-295.03045109680977,0.369907842390096
3.8541391292472666,2.4684688971613677e-05,0.00010896010156070853,3.194303237430252e-05,0.0001563922765952308,2.3156274138715322e-05,0.04060018494079092,0.004097504931201325,1.0470156284995653e-05,1.530648204178234e-05,0.47768895009603,0.27333939949660657,0.5491583808437539,LCO,90,92,-2619.7132146527474,2.331675634540386e-15,0.35678404646862333,29300.700233226464,290.41265623095717,-295.2126562309571,0.3701867304363905
0.3075016662992321,2.4964102507900504e-05,5.6155684166575695e-05,4.0379576089341494e-05,0.00024145929293464762,1.555905443575503e-05,0.09690334400719594,0.021561371004940832,6.37722705230223e-06,3.298651189545808e-05,0.5284835373715097,0.01681655167565622,0.0797177355905451,LFP,89,47,-75056.8431025781,2.0205380130932122e-15,0.02635147532655788,1296202.0015520758,293.2946506448426,-298.09465064484266,-0.3049821753622891
2.2937974151912432,1.4208796763471115e-05,0.00010568590499486529,8.916266297207185e-05,4.1806389937804606e-05,2.5732755232085546e-05,0.06176746785608826,0.021393512219782283,1.7518534612590875e-05,4.0202632674000285e-05,0.4612300897964708,0.3887692654081641,0.2269823012513223,LCO,95,44,-145162.85835054284,2.8548728622669544e-15,0.732934898610746,688214.2926330455,294.29138162375864,-299.0913816237586,0.14698165645595707
2.2421765519304224,2.8373280419744677e-05,0.0001391746583787699,9.83776824177734e-05,4.448362880439172e-05,2.6673154793617384e-05,0.07766921215444532,0.008253981748456915,4.726252289739186e-06,3.139382370757445e-05,0.28686742234769524,0.23727704778049358,0.56029343933158,LCO,92,76,-38636.25576169485,2.9486833574603694e-15,0.27286557427507907,206357.07277251908,295.5908114186601,-300.39081141866006,0.15443790945976865
3.4588876722897113,1.6640178915062707e-05,0.00016174132414746733,7.435820067123502e-05,0.00023265568976039614,2.6581061283727898e-05,0.06412333326839398,0.01354171400392894,1.3856098439378869e-05,4.478563777724003e-05,0.017232822772200045,0.29770049091064027,0.5865783956651694,LCO,92,94,-59027.68174214654,2.368212324399859e-15,0.44109089955669756,646472.3469822519,296.22780542068995,-301.0278054206899,-0.02848829065199021
3.221608968477921,1.2786417050472877e-05,0.0002075106511844125,5.744920540122767e-05,5.701575108613309e-05,1.4665757585363423e-05,0.09738785057975663,0.018111298953646528,9.400223933616233e-06,4.084184425605994e-05,0.18660659629193732,0.4299764658035523,0.10917060398656543,LCO,90,34,-80367.5798435329,3.1029866375256516e-15,1.2388712944295632,679131.9170373311,296.32234579938745,-301.1223457993875,-0.204246333917945
3.8721911863900202,1.3521402692213776e-05,0.0001809454066982371,2.2694392859982836e-05,0.00022747440590722024,1.922635183487422e-05,0.058959638874919715,0.02087303391013467,3.0917348248520296e-07,4.301936933541463e-05,0.3267581354828298,0.19715703662300277,0.1930527452997744,LCO,93,46,-86759.87522406064,2.3875215361043894e-15,1.4035858994425483,773562.7358635404,298.62016019476346,-303.4201601947634,-0.2130320825943931
2.3512533855298146,2.862228689996595e-05,5.263282223407844e-05,1.2054582032215342e-05,4.0756534486357226e-05,1.771431236719698e-05,0.0710633725286073,0.021941484908659582,1.8420524595915068e-05,2.639752300733697e-05,0.34919402795986854,0.5250195154643315,0.22625032104625092,LCO,86,68,-17725.539416393578,2.0070519558744237e-15,-0.07759817448906202,972698.2950477569,299.9719623719801,-304.77196237198007,0.17046386447045092
2.9563056977956435,1.5951580058477684e-05,0.00016846887139583536,5.9403696080711124e-05,0.00022125126277595087,1.9733452749071085e-05,0.07498095177846176,0.014715649121604526,1.603305628324621e-05,1.5810225862400807e-05,0.1001489350474555,0.3557755318567685,0.26950449947811256,LFP,98,26,-20326.079820830208,2.481500878425993e-15,2.851403174418323,283498.1550806741,300.5222154543618,-305.32221545436175,-0.2045710336176635
3.8953440296504795,2.5135766644612877e-05,0.00017514319440121534,1.5148098591152386e-05,0.00023811160373871557,2.8747237539242966e-05,0.0951568811410714,0.008420947746499206,1.7386749438662962e-05,4.1016983836363e-05,0.5632160716066568,0.38422429926765855,0.08937840563978715,LCO,98,21,-5236.8497547876905,2.2398693433844286e-15,3.2795646357051966,83549.57456791148,301.2603062506154,-306.0603062506153,0.10681877651410232
0.435230220872854,2.4772627183195616e-05,0.00017322596985418104,1.2304141338545634e-05,0.00010193741908848153,1.932755381911712e-05,0.09702972331048682,0.006653452761359443,5.131859129158116e-06,4.8881036437950864e-05,0.4817678184788762,0.2066169564383846,0.4961106887366884,LCO,92,31,-27608.87565174231,2.229169378838206e-15,0.07008737060800622,68685.1591743802,303.65250249622295,-308.4525024962229,0.25449546365394904
1.789476424696961,2.453305086077754e-05,0.0002335475948071701,1.699439270429443e-05,0.00020976528742571007,2.103033846288726e-05,0.09254603603139222,0.006439862838541587,6.621595931130177e-06,3.8849163338378833e-05,0.22508105244932303,0.024335833303378466,0.2333582468695217,LFP,93,80,-22338.063425045075,2.3331136472594064e-15,0.15728356476885616,212138.97373186573,305.58735454264524,-310.3873545426452,-0.4472248673777769
3.53427586763834,2.6443251317642767e-05,0.00021678104882117338,7.95735982136856e-05,0.00019208512633903671,2.5264837071687953e-05,0.09151440386735715,0.01442709938497994,8.024698725786495e-06,4.4631477618313504e-05,0.12762255101414482,0.1939087732105599,0.5713456733800866,LCO,96,99,-102911.20561304258,2.5432924959639414e-15,0.482093764192056,1147321.7391358633,310.1238532802015,-314.92385328020146,-0.037123002395208715
3.366955507177372,1.25547314804175e-05,0.00018505683502034528,5.95191159658657e-05,0.00018744135261219394,1.3176737470884541e-05,0.07985330242020519,0.004985101637997674,1.931561651709426e-05,2.8471926410032135e-05,0.5162046513621145,0.5301044083959896,0.5573575414475146,LCO,98,67,-7211.011237913968,2.482759782137e-15,0.844295260491854,61098.81589445628,312.2953463323979,-317.095346332398,0.6736666012056186
2.194596139506804,2.2090827678729312e-05,0.00014681195241811446,8.380210248414763e-05,0.00012083182336101623,1.4213781727854238e-05,0.07746977590170134,0.02354876077116818,1.3373119187626844e-05,3.265369843635751e-05,0.4608419555402242,0.34967544874477036,0.5154492892985357,LCO,99,96,-200501.4782546127,2.3774015157601484e-15,0.18233039630737014,2157973.5850139647,326.2707240753415,-331.07072407534145,0.3959666935835303
1.2248444499084463,2.61620751998496e-05,0.00011314709404738074,2.3967210993719264e-05,0.0002276450165871577,2.1224494923771063e-05,0.04340535294162791,0.0042873334358245925,1.9832427527176724e-06,2.277227694746339e-05,0.10063133802033425,0.11141966937124541,0.09733302455664385,LCO,99,62,-3820.230098401961,2.2096996271697864e-15,0.1053249939988554,37993.90661818947,330.1755197049108,-334.97551970491077,-0.6206159680517765
