SpecificEnergy,SEIGrouth,TempIncrease,Price,UpperViolation,LowerViolation,VolFracViolation,C,la,lp,lo,ln,lz,Lh,Rp,Rn,Rcell,efp,efo,efn,mat,Ns,Np
-381472.43550675176,2.4894908137200638,0.002115391836039647,4113.003484332438,-0.034940786107525046,-0.33505921389247506,-0.5676998088996202,0.20086177635128877,2.8911954990846044e-05,0.00018271507284961958,3.986945816424387e-05,4.551073200687942e-05,2.9297854314345938e-05,0.09939565368921927,1.801752640563454e-05,4.726444801126937e-05,0.019614937535472006,0.0576421433819487,0.2706632294675763,0.033994818250854805,LFP,1,15
-665811.1023790764,2.3693917936786044,0.0005302259000564305,20568.90092018388,-0.009610379183673246,-0.36038962081632686,-0.7438320835211535,0.20582299141573365,2.118658637772606e-05,0.00011751616589645872,1.4692491339821339e-05,4.192438488573651e-05,2.803545184488534e-05,0.08229662143595118,5.460264792220244e-06,4.070407312073982e-05,0.024653838651969157,0.025148685399339038,0.03129080309398557,0.12972842798552198,LFP,1,56
-14349.27378787581,2.319897095222925,0.0010246172546573289,464.04730869701746,-0.026134407546585692,-0.3438655924534144,-0.6944556873176728,0.21477516852684547,1.772423590423808e-05,0.00019658613429189158,3.626734164832458e-05,0.00013519237576389175,2.775743312014208e-05,0.07820240613705787,1.2803643011049861e-05,3.449527974091536e-05,0.004107394295313609,0.010120948231103086,0.1541984924045318,0.07122487204669231,LCO,1,44
-26686.91766366516,2.3098604045529556,0.00040299933675930514,1055.3212435950195,-0.02609165568259275,-0.34390834431740736,-0.19638303170190807,0.2773760769715079,2.212022746922637e-05,0.0001172526454665089,1.0568597142351076e-05,5.3759475184553555e-05,1.5207921012618146e-05,0.056398133918568696,1.7607839204101334e-05,4.7191355953329484e-05,0.005653983079915444,0.028530920948450427,0.5507484282418258,0.1543376191078158,LFP,1,94
-27238.556713574646,2.452700572398229,0.0059781711285079525,48.804020895019015,-0.04150981398333542,-0.3284901860166647,-0.6115387932954482,0.22291072690377384,1.891565915510065e-05,0.00017397351274818593,1.5710017585451186e-05,6.933636290361803e-05,1.7860164856204427e-05,0.08623632158780797,1.82518605963747e-05,4.910177661216641e-05,0.004966113819929584,0.035932825022553065,0.2657111114870081,0.016817270194990602,LCO,1,3
-21407.36826398968,2.1147250327173177,0.0012386144405325751,251.87325027700223,-0.019382731990968072,-0.35061726800903203,-0.5818155837646848,0.2040579220847521,1.581709048990486e-05,4.8162746545409486e-05,1.1174127710852918e-05,8.084874199153941e-05,2.8135275589794055e-05,0.06883319846717986,9.585355234442525e-06,3.708500742424727e-05,0.004012049049674008,0.13846119304077367,0.056478535149870744,0.15324468804467087,LFP,1,33
-667104.2273279765,2.2855086042043062,0.00029326861228134646,32436.014990559826,-0.02629658349077113,-0.343703416509229,-0.11849517862634429,0.225299718556097,1.25767213521904e-05,8.776286677407869e-05,2.6444688617494152e-05,4.294896863831478e-05,1.8674606586115343e-05,0.09383176074035565,2.9323930905234086e-06,4.607556063273127e-05,0.024723275447340074,0.011885216457270364,0.30552013100300257,0.4940994739133828,LFP,1,92
-37459.44113023062,2.258895764423081,0.10296992184317054,14.184677464789514,-0.052253103535567114,-0.317746896464433,-0.1799626024997505,0.2612856910806634,2.5929262136993947e-05,6.212702096429667e-05,1.1024667584668813e-05,7.112803459843184e-05,1.7475042102819205e-05,0.0753136784510267,1.964176679125233e-05,3.70548510821705e-05,0.005653012097143528,0.1102883267446492,0.259534947456544,0.38021412329905635,LFP,1,1
-505652.4283612187,2.4349759291254345,0.0076913523720399165,1934.2102998441371,-0.034487860375122636,-0.33551213962487747,-0.5535865679787662,0.21677841121333177,1.9900389116449832e-05,0.00017387043400672546,1.0191934874233406e-05,7.702498714514548e-05,2.744220090091186e-05,0.09725440009411336,1.734343199690143e-05,3.9521984191792005e-05,0.02125885891575369,0.04861451748561481,0.29513132245027596,0.03266759208534321,LCO,1,6
-77470.56024133942,2.5858966275537276,0.00029279163093287613,2857.0711934114074,-0.04177164148890711,-0.328228358511093,-0.3361540363864963,0.20867774248523654,1.7679505158818257e-05,0.00021470128770311532,1.0782257088596308e-05,4.0228116695512853e-05,2.5854422863710624e-05,0.04407552869445973,1.6626738203612374e-05,3.520110170620054e-05,0.010006167777493045,0.017712447562876342,0.5102620540436065,0.06587146200702092,LCO,1,95
-228437.52453955836,2.4174605045870683,0.00025286715417200284,10569.930191538646,-0.03313206088333187,-0.33686793911666824,-0.03299475510811245,0.20527829783538842,2.8895929096090475e-05,0.00017777316694634314,1.2806100524755428e-05,4.892980349838102e-05,1.926905117933985e-05,0.04089934600626174,1.8137941173192983e-05,4.871366800951083e-05,0.02170732543265622,0.23318050500301757,0.5807292003643572,0.08309553952451292,LFP,1,94
-393726.7911111887,2.21650360096048,0.002006376876925691,4653.563117135167,-0.023083790317845576,-0.34691620968215453,-0.260207316468964,0.3111376592487464,1.6288287051406808e-05,0.00010570002609400969,1.3644465886072188e-05,7.536247935832055e-05,1.2829318423004549e-05,0.09928839604055295,2.3697629793314264e-06,4.720462455928104e-05,0.01879098318113586,0.09695579032819343,0.47800464202170323,0.09483225118113937,LFP,1,20
-3357.497918571781,2.0791978038119723,0.0007566834346285287,364.6659913360984,-0.01716920598801508,-0.352830794011985,-0.2638101046637986,0.257642579586422,2.899545400568951e-05,8.833291743195126e-05,9.685514238454237e-05,0.00014612100674200738,2.764092414636617e-05,0.051828287094119366,1.2864267893512694e-06,2.9017593918685737e-05,0.004037626378723191,0.5989810672341112,0.017602922583171227,0.04960590551891908,LCO,1,64
-662750.6918482006,2.4090064204869774,0.0003252292859370684,29326.98231800192,-0.029076613052841704,-0.3409233869471584,-0.184152616641444,0.22530537519815058,2.40440938841552e-05,0.00013015916579239392,2.6346474511221878e-05,5.4651645413046753e-05,1.9694161423987622e-05,0.08353764724377405,1.3467649056937904e-05,3.6175006446768106e-05,0.02476257287477806,0.10866222134706396,0.48340294872395834,0.1537822132875337,LCO,1,91
-343887.17181616696,2.2158742102651354,0.012779638769198397,620.8944697005301,-0.043840259307534435,-0.32615974069246567,-0.011012771116950537,0.4108231325303302,1.8919323257938947e-05,4.16090548078337e-05,1.9037494673553602e-05,5.0994755720899637e-05,1.2134289370175102e-05,0.07408903298887064,1.968119573561669e-05,4.4043286569280883e-05,0.019389664763314978,0.04748174262708701,0.4311649953706265,0.440340490885336,LFP,1,4
-222642.11456224025,2.5661785470490712,0.020244729168146593,436.9302161684315,-0.038088277570097695,-0.3319117224299024,-0.17809698609786007,0.28625080121957314,2.280901004045975e-05,0.0002192931233106929,5.1388366836803965e-05,6.919814348106572e-05,1.7355696074056744e-05,0.045481047120310605,1.83838777569397e-05,4.9231747987436654e-05,0.01898483221759375,0.13640499109157384,0.5117448470235016,0.10375317578706453,LCO,1,4
-27205.50958710477,2.433663641473996,0.000450739120605779,938.2882888445882,-0.030516535585873417,-0.3394834644141267,-0.21310837176375796,0.2777470811104376,1.303689514060813e-05,0.00016439535718040045,1.0512919858562173e-05,5.5930841554743557e-05,1.2113602006280194e-05,0.04639933964311741,8.427599442610722e-07,4.8565416578060635e-05,0.00558693818388631,0.011385557346467992,0.5508561769360951,0.15464989395367898,LFP,1,97
-41990.73079970346,2.4609669283514117,0.003055165048619017,214.99884639325597,-0.03253890354747213,-0.337461096452528,-0.39498050978753374,0.20012146279955684,1.5367280744332977e-05,0.00017285384560950944,1.069509497260836e-05,5.169172151661479e-05,1.2178109686197788e-05,0.04551849226278669,1.686829343648836e-06,4.9673156939118395e-05,0.006856779835141481,0.027467774313117508,0.13805061104448724,0.36950110485486154,LCO,1,14
-68138.65316063755,2.5082078981758174,0.0020562727052786446,432.4295825338991,-0.03587631762526433,-0.3341236823747358,-0.05109444437091204,0.21747184632387162,2.1524437425033704e-05,0.00021379357831089255,1.2943573052484794e-05,5.9728456035150135e-05,2.3354331917433622e-05,0.07307867933379035,6.663268676572042e-06,4.977567846417755e-05,0.008065755466787542,0.02289493079395531,0.4349585554570661,0.4210520693780666,LFP,1,15
-55797.76191949814,2.4056225875597788,0.0006348318919433762,1383.2627643654914,-0.027505053975596105,-0.342494946024404,-0.4597254425021538,0.3322573275456258,1.5270275392218254e-05,0.0001432895816497484,1.0628594480607804e-05,5.069625706751874e-05,1.2176610430547511e-05,0.07471869282044076,6.879083778809092e-06,4.5011884708433e-05,0.006067186224397926,0.04747397888465983,0.11004767297856888,0.31275290563461755,LCO,1,69
-433896.0062972757,2.255671646266553,0.0024756030356950878,2532.8189220967224,-0.0247343300812064,-0.3452656699187937,-0.5441811362918606,0.20057404976073856,1.6392340075216585e-05,5.248157788618262e-05,1.0774803171390702e-05,5.1716306868127504e-05,2.928595610634264e-05,0.05556703945680628,1.580811248034751e-05,3.056561944352318e-05,0.022329901344385998,0.05138760802984345,0.2044459119610981,0.12998534371719792,LCO,1,14
-635020.0519152896,2.2492106213391336,0.0013148383688480173,9106.36927381183,-0.02495349214558562,-0.3450465078544145,-0.4061914208324414,0.3090115604285224,2.7120226389801482e-05,0.00010070501567927921,1.9005479266858796e-05,5.979148568163034e-05,2.253231937218828e-05,0.07243855796026445,3.781706041789649e-06,4.9979416254880984e-05,0.024962985871591434,0.010149487665170032,0.49562733553533844,0.018031755967050145,LCO,1,31
-26263.491343685735,2.460711693260685,0.0010932251042075323,300.2571642339207,-0.03154559452340733,-0.3384544054765928,-0.22298137779461713,0.22733609093006774,1.7529289710034094e-05,0.00018047007949798498,1.1160804349326251e-05,6.105134579361425e-05,2.4525807437816383e-05,0.06679712372747695,6.674836158886064e-06,3.681440656318351e-05,0.004153862616775573,0.178042842844712,0.43849129829540984,0.09048448106526111,LFP,1,40
-526501.7930133499,2.2534922968655424,0.0003133676686014219,22981.65377773755,-0.023552132471028386,-0.3464478675289717,-0.16675205702919993,0.21262668469845103,2.4019823635464405e-05,0.00010035043256771307,1.55031986975845e-05,6.218871040385867e-05,2.384148060366774e-05,0.06717521743662651,1.3550054455285808e-05,4.384251675275031e-05,0.024878859073760685,0.05431631478473646,0.49622045651295954,0.21271117167310416,LCO,1,92
-686450.662824238,2.326397685380754,0.0009314515989269553,14542.25133164054,-0.028243686738530283,-0.3417563132614698,-0.20013957451154762,0.3217345383281895,2.3088543304943606e-05,0.00020523133857462488,1.0661471475069057e-05,8.638551955123505e-05,1.2293873316585924e-05,0.07972572890974089,1.766539224141361e-05,4.4991854056754866e-05,0.02461877005180273,0.13635493097572862,0.4911925562999999,0.10231293821272394,LCO,1,45
-64744.675620499605,2.382263033642064,0.00031303262566246263,2600.669682991101,-0.029107888711938923,-0.3408921112880612,-0.32406454112551053,0.21988144128499745,1.2100422578392181e-05,0.00016370643890592217,1.0563473598650049e-05,6.226436754355142e-05,1.6251879227455812e-05,0.07655765175395371,1.876640366994281e-05,4.991010121658505e-05,0.007446555086159878,0.04237581024722471,0.4343984303009568,0.12916121832630797,LFP,1,88
-32724.44324998976,2.272534754088462,0.00043745111294634715,1280.122292618316,-0.024989995106791785,-0.3450100048932083,-0.49466267752110515,0.22853896448737354,1.4318418298074976e-05,0.0001429845516008967,1.1514922904778662e-05,6.68197347798689e-05,1.215669727920295e-05,0.07482470497404421,6.363768469974409e-06,4.731642764985563e-05,0.006042250369645421,0.22875191316402874,0.06917092881092156,0.13741448050394459,LFP,1,63
-679401.2609196623,2.5268294669539535,0.0012714631702153694,12787.907452271178,-0.036529297931465976,-0.33347070206853413,-0.49946510339871114,0.3319827720398075,1.9402345258810096e-05,0.00015258330973529896,2.299397396324732e-05,4.069173668941744e-05,2.7194215961155362e-05,0.09199708367010223,1.876789777643292e-05,3.693313450270515e-05,0.023716472733172934,0.04916853518206825,0.29461518540730675,0.08675117601191391,LCO,1,35
-360226.57172723336,2.0880387265116642,0.007253461422337061,2322.492407925821,-0.021628555932983407,-0.3483714440670167,-0.1865403804010688,0.374120698999038,2.424818509623231e-05,4.5769905909316775e-05,1.0415760275500194e-05,0.00010485067578820849,1.2265804187519394e-05,0.0774086568069762,1.609558856478317e-05,3.596359311802959e-05,0.024705146375751247,0.1364360843743011,0.5043100611119634,0.10271347411266675,LCO,1,8
-80712.88659467739,2.3251806414896885,0.002112804329496533,748.2551996176134,-0.027145442919768836,-0.34285455708023127,-0.26233462381546413,0.27818125906343766,2.2115122711690948e-05,0.00010872122544378849,1.056756676827562e-05,5.376566786757475e-05,1.2103496934685386e-05,0.05638836865856332,1.667636907973675e-05,4.715236621471472e-05,0.011004821286001068,0.061596025249402456,0.553102065488016,0.05296728544711743,LCO,1,17
-59942.58931253336,2.2362800855872678,0.00031622024120159313,2028.1087455851368,-0.022721270286326867,-0.34727872971367324,-0.004475411369757709,0.22788441195675524,1.2785586652159479e-05,8.696424350333517e-05,3.350474390308509e-05,6.28233783577008e-05,2.0435719776292743e-05,0.07314940606570185,1.0708385065712277e-06,4.04942883770733e-05,0.0071639288699116045,0.11106566496976605,0.3305156474662765,0.48394327619419986,LFP,1,91
-29618.062182218135,2.3163792582190443,0.00028989032690512044,1238.1514324758125,-0.026096909094938336,-0.34390309090506177,-0.599477796312045,0.22825231133166618,1.4306607476127268e-05,0.00011720450693145742,1.1953258641437283e-05,4.757389967418088e-05,1.2115556149874924e-05,0.04716333620338927,6.19605238480225e-06,4.719123718632772e-05,0.006049608492748842,0.027544205435196423,0.16587059975097032,0.13710739850178835,LFP,1,95
-738671.4971607862,2.449849253860127,0.0009119403858567214,15378.54958194692,-0.029815110405104317,-0.3401848895948958,-0.3763131670093184,0.3740619454599449,2.9816807175047004e-05,0.00014051407759829,1.082858399570258e-05,4.41922373229955e-05,1.2116541972384676e-05,0.07262025347890215,1.7657283803809908e-05,4.8105486957470476e-05,0.024331807995246785,0.011457516772105769,0.16889739532136158,0.37333192089721434,LCO,1,54
-695351.8012971968,2.329386625767863,0.0005689337441669672,19133.101881630486,-0.02631236763613698,-0.3436876323638631,-0.4428347704703395,0.20499233817588813,1.2092562544153658e-05,0.0001403532376896706,1.2728352647833218e-05,6.221718372093405e-05,2.0477782317990737e-05,0.09524770418255163,2.43879290887016e-06,4.5047783533694216e-05,0.02493681326818944,0.02895430895080567,0.08820098861480741,0.3700099319640475,LFP,1,45
-261903.676442322,2.388327654642798,0.0005117492383803496,12852.575401066828,-0.027396414530167057,-0.34260358546983305,-0.6519502402000736,0.332580457025862,1.522111157652527e-05,0.000143535988932308,1.3364811564499544e-05,5.044583828043516e-05,2.2574081497997913e-05,0.07579222527826031,7.100709437257507e-06,4.500640493340348e-05,0.016029014938075098,0.026883655620008554,0.1086394755399131,0.1425266286400047,LCO,1,87
-298653.57027111197,2.217659500600484,0.0004480301870552357,13714.230426422999,-0.02127053777669241,-0.3487294622233077,-0.10196388504692167,0.30692443619979537,2.4717849013242784e-05,9.669340229693431e-05,1.5571760921691362e-05,6.61767004943318e-05,1.7091623532000368e-05,0.07185823239115217,1.3477037957034303e-05,4.7329125799063305e-05,0.018696269468695854,0.05430346682558553,0.49570984538752005,0.2780228027399728,LCO,1,92
-447784.3648462353,2.396906525739881,0.0003152520451731488,16353.620964267007,-0.027766356136111003,-0.3422336438638891,-0.022992307844523885,0.22397812546881402,1.875505546895618e-05,0.0001513671491821119,1.0946709507597544e-05,5.089175012611078e-05,1.5914084969497554e-05,0.07170114590941158,4.611287646576435e-06,4.2892498273040235e-05,0.020739425405243983,0.047583469658844746,0.43073715021046133,0.42868707228617015,LFP,1,89
-138471.99696071242,2.254774730526433,0.0034608277899127932,814.5295007553128,-0.025816071581354016,-0.3441839284186461,-0.5247279148015622,0.227214011136823,2.4851968181682442e-05,5.599046086702642e-05,1.1945624256670055e-05,4.444667153834007e-05,2.6214889116046565e-05,0.04833012325861802,5.114957560823342e-06,2.9573698744737936e-05,0.016359523135026657,0.18015626592264494,0.06757646417768164,0.15753935509811118,LCO,1,10
-37724.448707373944,2.763521242470765,0.11732237740498146,16.21450499385485,-0.05458268622363205,-0.31541731377636806,-0.2596449918602105,0.34399702751579,2.691128678512237e-05,0.00012478090208444854,1.9315495721641234e-05,4.1767489848068095e-05,2.2534874303746376e-05,0.07248475244254364,3.7658399480538858e-06,4.870944871604389e-05,0.0059996999406246344,0.035816144337110764,0.4963983373902071,0.13814052641247163,LCO,1,1
-687133.4050654087,2.2514965859924008,0.0002595148805488917,37751.88609924955,-0.023898222579401107,-0.346101777420599,-0.4294202325369918,0.20153216008857455,1.5981352184249972e-05,7.407814430250815e-05,3.3717434501541865e-05,4.195033116986306e-05,1.5134384851242486e-05,0.09408267026234046,1.8011316083016627e-05,4.7195187813114315e-05,0.024796989131528554,0.036029405440455145,0.31345476582525605,0.1510955961972971,LFP,1,95
-3467.4767818357577,2.0314980458798972,0.0006922126031294952,324.3827555694498,-0.01572425597154803,-0.3542757440284521,-0.2627665854165818,0.2181864231519674,1.8787219800776323e-05,6.545913235119334e-05,7.142116771238199e-05,0.0001345709388964397,2.4954084936188927e-05,0.04626783777100379,1.89156103301926e-05,4.865796451929707e-05,0.00400024731710717,0.5711408188407378,0.0383047198212772,0.05778787592140325,LFP,1,66
-869341.3328908139,2.507151646665851,0.0006266793350278404,16724.20892024178,-0.033335244759974625,-0.3366647552400255,-0.24865145233828978,0.20101002552300704,2.774318135642728e-05,0.00020328428505227483,1.0786321722835884e-05,4.97482017845939e-05,1.2181276377029023e-05,0.09804888513872351,1.805535826870133e-05,4.412612889229333e-05,0.02458996241365704,0.012939326250743156,0.3777954064022835,0.2906138150086836,LCO,1,43
-370283.2470725728,2.1238744324359726,0.0003482302427001027,22814.82899453723,-0.01836767480269108,-0.351632325197309,-0.2546521164171953,0.20342581531447795,2.340498653532067e-05,9.838318314301608e-05,1.7590742959073372e-05,0.00011270776598215301,2.3567086791538525e-05,0.09497467672106608,7.956048840043348e-06,4.9605767379687155e-05,0.022235345489661065,0.07502013363327054,0.01779007808875969,0.5825376718607745,LFP,1,75
-467533.3510543446,2.138159717639641,0.00035150764187687997,18781.695718247152,-0.019422090751679555,-0.35057790924832055,-0.27845399929423065,0.22039555830434765,1.836928776631596e-05,7.806768034329206e-05,1.0955610086167813e-05,8.652432823188038e-05,2.4512847531154648e-05,0.08456066030363232,1.929837359714941e-05,4.3194849468024276e-05,0.021481867048133905,0.06722096134678762,0.015244810638354797,0.569080228720627,LFP,1,75
-164588.03660972888,2.082526966245971,0.0009324497979242023,5352.75869978286,-0.017319078887258144,-0.35268092111274196,-0.20294352251416414,0.20470124597647374,1.9957189092812252e-05,5.06295422515973e-05,2.959167345877196e-05,9.309024751823227e-05,1.8634224298062137e-05,0.04545986486719383,5.288935057886692e-06,4.4608533661156305e-05,0.02111785733273645,0.013954971967633964,0.1331743607699286,0.5799271447482733,LFP,1,42
-51780.95830170649,2.4399796960622298,0.0007837454778189928,1076.3549920646403,-0.03155867937179968,-0.3384413206282004,-0.5603478525961091,0.20690482912822228,2.4968020657107727e-05,0.0001985502207722571,1.2932602502528514e-05,7.43551479532612e-05,1.6356901289629434e-05,0.04661450794992791,5.389697690451952e-06,4.244044886547593e-05,0.009151472875399637,0.07655704189638685,0.24630796507930258,0.04678714042820156,LFP,1,37
-523624.57138700486,2.2451301366124645,0.000357468582046446,25003.592397544027,-0.02240764740123158,-0.34759235259876853,-0.09662549837995116,0.20362620346523058,2.6965854111655744e-05,0.00016491162799020672,1.0852507085821013e-05,9.877131118736869e-05,1.2093350359745713e-05,0.0987829102062778,7.4782589644686335e-06,4.923852503738273e-05,0.022630985991055074,0.10367556639582785,0.5580158653815868,0.1716830698426342,LCO,1,79
-299594.5651918099,2.155624670968349,0.00045526342267435664,10377.253414548819,-0.018780320794256067,-0.35121967920574404,-0.4215770344636185,0.2883996754406767,2.8458918003138056e-05,8.193784941212759e-05,1.0893387024145488e-05,8.09777270745381e-05,1.591740905193219e-05,0.048013335872735444,1.722388838008554e-05,4.44265390046443e-05,0.020297880732374825,0.0567316058888946,0.10675871144294857,0.3449326482045384,LCO,1,79
-482116.17622132844,2.297289757502791,0.00028123935878858616,36008.66111485712,-0.02936672304127752,-0.3406332769587226,-0.5765106354847767,0.20090470804428645,2.6668162595503694e-05,0.0002073418056032183,1.0768144043478159e-05,0.00011545961461749857,1.4208383548578885e-05,0.09818510509933573,9.549008441565661e-06,3.777540271361536e-05,0.022158473380820855,0.010098807856848406,0.06165149238989387,0.28173906426848105,LCO,1,98
-351334.12466102035,2.162623647370999,0.00042686029454174135,14355.435561464725,-0.01922371174484283,-0.3507762882551573,-0.28611865694036587,0.2543378974890262,1.7858342143326418e-05,8.115691052471283e-05,1.5540195063110325e-05,7.652016362557832e-05,1.588486551942933e-05,0.044635529848568695,1.634382057534688e-05,4.9303640884213434e-05,0.024807850669770027,0.04524199514115896,0.4763930745594066,0.12224627335906851,LFP,1,80
-203958.48690697888,2.4978470320742496,0.0009401821541607548,5088.196303140639,-0.03639800533446058,-0.3336019946655395,-0.3909061248963043,0.2370202572933825,2.432581075957199e-05,0.00016954015097856074,1.800630976209928e-05,9.864784174666746e-05,1.222086318545374e-05,0.04326935375865517,9.693518497607437e-06,1.9217097004422855e-05,0.021152946646593434,0.02385489797063562,0.09526503614828674,0.4199739409847734,LCO,1,37
-42546.11362694613,2.1933306819437677,0.002541964831996035,246.28683198235805,-0.022910401370634048,-0.34708959862936606,-0.17673453652928828,0.2034848021075663,2.4441717617604268e-05,4.910047971858678e-05,1.1716079565741781e-05,5.437557463887867e-05,2.3875689051629544e-05,0.04014316721590459,7.393458617633951e-06,3.8124277270950384e-05,0.008850866653721458,0.0380170518600874,0.20301388647760055,0.5122345251330238,LFP,1,14
-156981.7228629785,2.1870296247180536,0.0009082110588325958,3612.611374472332,-0.02231955495612903,-0.3476804450438711,-0.10318208258115502,0.2035980342038289,1.5212886361310074e-05,0.00011729545950715041,5.3881514441190996e-05,0.00012232818728055028,2.7604129319819713e-05,0.043198099989907694,9.627774345030206e-06,3.6295368411462684e-05,0.01916146730424244,0.03030918191639221,0.505951208543214,0.29055752695923887,LFP,1,36
-23383.374477881633,2.194173323091074,0.0005395693148106992,1266.332403325742,-0.021172866258079903,-0.3488271337419202,-0.4744310768472919,0.5022125605308185,1.242241910691492e-05,6.077262259521163e-05,1.0220642729105585e-05,4.4130888788512845e-05,1.2781496949107165e-05,0.05760346021575393,1.796312111890616e-05,3.6995737999614064e-05,0.005744177244731688,0.04275716154335117,0.12096304004568278,0.2918487215636742,LFP,1,96
-603683.1576189207,2.2866968794704303,0.0005368480041199519,16873.025413153126,-0.011200270970770365,-0.35879972902922974,-0.6532894565377652,0.20270337143141645,2.749765370977528e-05,8.483543775691386e-05,1.0314757924891422e-05,4.208605750157867e-05,1.3434769822236431e-05,0.09905095155347429,1.82880955241467e-05,4.3945866742363015e-05,0.021081363169066197,0.012905517749445173,0.017045773547732457,0.24675925216505723,LCO,1,55
-37251.92913974829,2.1629178147520913,0.00105488053914374,534.4889070165221,-0.020184626150823615,-0.3498153738491765,-0.7410755920169178,0.21459340162382817,1.3281725090801199e-05,7.135434650164618e-05,1.176921038877473e-05,7.087548726675914e-05,2.4371603995285994e-05,0.09945116283330283,6.4883277576841265e-06,4.123463517914757e-05,0.0041194793248533115,0.013173540485850557,0.10225046723007597,0.07350040026715576,LCO,1,42
-833394.689737748,2.2453895988389125,0.0025750228510020893,3898.865997022798,-0.023755961487069932,-0.3462440385129302,-0.07050143760472583,0.21287625902125246,2.568981739212739e-05,7.602738501161926e-05,1.0762979224783387e-05,5.551810057962223e-05,1.2344976688776588e-05,0.09937557699462383,3.853090315614441e-06,4.501879956822282e-05,0.023891730487369152,0.07408781300568781,0.4316507198747207,0.35376002951486574,LCO,1,12
-35516.03764692454,2.0974964973643293,0.0009089216459635674,756.2548417153137,-0.018586999174638574,-0.35141300082536153,-0.26214773463766083,0.20940651997043547,1.4884174078940602e-05,5.589823402488889e-05,2.3571307290528626e-05,8.568174093797122e-05,2.6373437567564897e-05,0.0424150772706778,1.4415627018442239e-05,4.251278760347163e-05,0.008804843908542024,0.011943099536599763,0.09356002838776621,0.5623491374379732,LFP,1,36
-371995.1028843455,2.0812959773004365,0.0006868250296713828,24728.419832060143,-0.017244455149558746,-0.35275554485044136,-0.6568837362445398,0.5135195388082106,2.1173760701145892e-05,5.290886235627867e-05,1.0989622396051279e-05,8.813882320437468e-05,2.99234651977984e-05,0.08467862955928998,1.7911334264144194e-05,4.320592491581281e-05,0.021135902037042794,0.08868224683097237,0.011502247490174686,0.1729317694343132,LFP,1,94
-126047.7148637224,2.1379186024774315,0.00032101540312715423,7123.69914175899,-0.019234886885771463,-0.35076511311422864,-0.5853627449854876,0.20731874437546816,2.132880988265529e-05,7.874615782909027e-05,1.0626727517404133e-05,8.842821453511411e-05,2.744110069419125e-05,0.08478190754393838,1.7937842218871522e-05,4.121741289347722e-05,0.01197435435287839,0.12129299352242587,0.04910932819821759,0.17423493329386902,LCO,1,83
-321129.4002935173,2.4700566418776573,0.0006278730891917794,8278.832019788339,-0.03429202950123278,-0.3357079704987673,-0.343198167434964,0.20727550269652306,2.1076862496037125e-05,4.9815339559442186e-05,1.1672779783922893e-05,6.305289322648398e-05,1.3129861392815857e-05,0.058106138228138426,3.1886288464007915e-07,7.93800287800549e-06,0.021123252622562063,0.02440868085599455,0.09692575076444546,0.46546740094459604,LCO,1,50
-74475.81669698175,2.3635530614663627,0.001559511546988175,1055.7709760074035,-0.028994416952075053,-0.34100558304792505,-0.19581735337573913,0.20232157256434932,2.902207822610335e-05,0.00023228428358518634,3.584580737376166e-05,0.00011530527496050004,2.976149768186393e-05,0.07919486395464348,1.2779689665719408e-05,3.4514531783739245e-05,0.00944424808213917,0.010931018214668234,0.15337374509381796,0.5698778833157747,LCO,1,23
-80666.43856856308,2.3092466938658838,0.00027968968438920716,5459.540942602651,-0.02456898860723422,-0.3454310113927659,-0.357260774633137,0.2142308962633686,1.2976420436728151e-05,0.00013656281741957692,5.7950405990674536e-05,8.79932057215729e-05,2.0713549558031416e-05,0.09440973777984861,1.8041318046120817e-05,3.569552475788364e-05,0.009023582645230193,0.014304354093752174,0.3849644988101347,0.1734703724629761,LFP,1,100
-328115.81515855284,2.059491850348097,0.0018186604715319965,4790.884878640112,-0.019634890368540603,-0.3503651096314595,-0.21037469391228536,0.20784602924477855,2.3428427065726858e-05,4.786411494008018e-05,2.336951743639794e-05,0.00012348415441177534,2.5162723286468567e-05,0.07952800396649924,1.1847038644313293e-05,4.105531871373424e-05,0.02316795497322828,0.011650528818780915,0.13829254166812951,0.5696822356008042,LFP,1,18
-45281.24610657644,2.3040918440178997,0.0012638647696127825,369.28817356769923,-0.02475014993827873,-0.3452498500617214,-0.10546428794215357,0.20896939263145808,2.002104660236059e-05,9.273321485237086e-05,1.194621817757202e-05,4.039443570461237e-05,2.8978502693360577e-05,0.05644261464804166,6.59525345999847e-06,4.122955668469752e-05,0.007576097209165714,0.03770329842677084,0.27304691811231263,0.513785495518763,LCO,1,20
-323601.5778862278,2.218887156104443,0.00027203018095491596,20211.752152188197,-0.02245329617381353,-0.3475467038261866,-0.1159681659403956,0.20040558261359717,2.5742816544852382e-05,0.00012065727042513208,7.345807496274613e-05,7.926775998785422e-05,1.3351012716020595e-05,0.05730608856573438,7.321869733374003e-06,4.6010772972130234e-05,0.023750166134424096,0.01755208909584161,0.5083917956096922,0.2880879493540706,LCO,1,99
-326822.80294283276,2.4042878807235133,0.00039582734418083137,15051.790089229253,-0.0278916449581863,-0.3421083550418138,-0.4294927636920237,0.2671681023769188,1.2920225510144433e-05,0.00021978543328852253,2.6515651802043643e-05,7.507046780309738e-05,2.3245538638251137e-05,0.08473351844476988,1.9614295365771143e-05,4.4163235114787743e-05,0.016917305121055867,0.010463255985871344,0.4256515477931458,0.06439243252895915,LFP,1,85
-61679.10800650485,2.1341826239047768,0.0026641860880426862,291.0215985628269,-0.02132401052955002,-0.3486759894704501,-0.3062437984782317,0.20088822205710444,2.4458327584067828e-05,4.7915176745288196e-05,1.1785732207882996e-05,6.938907144446284e-05,1.953657662056272e-05,0.062336464475176365,9.515294625989031e-06,3.7948243501205795e-05,0.00875088434015216,0.012369811210261686,0.10039591579084367,0.510990474520663,LFP,1,10
-35570.71912295927,2.5309809839121096,0.004322621412793537,117.32459561183275,-0.039782992171000675,-0.33021700782899943,-0.26224438655442384,0.21325618092677562,2.6766191845993736e-05,0.00023541027108967363,1.0500898517937013e-05,6.996551465063673e-05,2.4383405465237015e-05,0.08155785131867012,1.658638050873177e-05,3.4489817169212656e-05,0.004088339291817732,0.011640537505973714,0.09847825913875174,0.5576368168008508,LCO,1,13
-59245.041759554544,2.1379058609815385,0.001739644046155718,741.8971682349511,-0.019867764629446505,-0.3501322353705536,-0.4729503401205031,0.20635133543775053,2.1405832140756122e-05,7.867436347546531e-05,1.232683750518424e-05,8.906121092399707e-05,2.15190880809125e-05,0.08502035767499479,1.5425038022471092e-05,4.1768878847556785e-05,0.008143017159958514,0.1685658176306521,0.11048446402241674,0.1779993782264281,LCO,1,19
-40182.53387458943,2.2753010537701197,0.0004762636947063095,1131.0056019430608,-0.024554964528490597,-0.3454450354715095,-0.551675486820766,0.21646305863970974,1.776590488668523e-05,9.094030533071261e-05,1.7464094987230196e-05,5.342063604161934e-05,2.345414159632126e-05,0.04934583385154812,6.573047301540103e-06,4.118792501830966e-05,0.007324111967931298,0.019499482308993323,0.06153658034782629,0.2972884505224145,LFP,1,61
-304516.99012288114,2.2472932502934837,0.0017247148575676608,3855.493709958706,-0.022016383266354023,-0.3479836167336461,-0.4797223299450557,0.23703733825623266,2.4752595233568763e-05,8.925800629416914e-05,1.790471739849337e-05,0.00012359603260900275,2.979488720016812e-05,0.053340654467781946,9.668293727718824e-06,1.889171268190752e-05,0.024094269556143515,0.0115988513687277,0.07505811368793844,0.3636207049982782,LFP,1,18
-264002.2461656577,2.1675686619047285,0.0006909656015865793,5796.381495784831,-0.019797527152664696,-0.3502024728473354,-0.2670752089586167,0.22647556252517384,2.2278229643243267e-05,4.931850777280352e-05,1.0947634490024735e-05,5.246353986030191e-05,2.504366652186042e-05,0.04577904333908561,8.115228309125472e-07,4.3452924048833466e-05,0.02148701528069986,0.08593574179215152,0.13509421997624457,0.44189482927298723,LCO,1,47
-81961.89297465212,2.4991707827137652,0.003222677527289628,392.93560731244816,-0.037096446229917035,-0.33290355377008307,-0.1561538514312647,0.20184062816952483,2.4384567009514525e-05,0.00018176282563271869,4.7320231764205376e-05,5.4538523965485303e-05,2.9939319879108955e-05,0.08021743127862546,7.359158803450952e-06,3.286421705013396e-05,0.008840708200282689,0.038750378081466925,0.2234067463269441,0.5116890241603244,LCO,1,10
-657387.2810403566,2.2335491500739044,0.0003114671363996488,28733.70393366382,-0.023500804296803235,-0.34649919570319687,-0.08565686825949659,0.2252998076703738,1.2575052502957356e-05,8.776288333385158e-05,2.6094928004021817e-05,6.093115353254997e-05,2.0389496715177626e-05,0.08338274321690294,6.324312555780443e-06,4.050766901802677e-05,0.024780072872102293,0.10831016373104381,0.3634577384040456,0.3725752296054141,LCO,1,91
-530317.5970275485,2.241019025264391,0.0006918131376253304,28517.243696623933,-0.0217283340424701,-0.34827166595753,-0.34071122626957917,0.5189310818788045,2.1095138501784965e-05,9.450525835666953e-05,1.747237375188896e-05,6.472463304037003e-05,2.052335862773052e-05,0.09917104332760578,1.8103324112653622e-05,4.320164896474209e-05,0.021500946282119765,0.12341393146272356,0.011425579493033678,0.4544492627746636,LFP,1,95
-32516.805810353275,2.3383444052730447,0.0014337351233759,225.17953396287237,-0.022902054581092735,-0.34709794541890737,-0.26160964980170154,0.20897066997760705,2.3510968369933794e-05,4.760952425536613e-05,2.7756200819716748e-05,4.0678546743822836e-05,2.9734280764717712e-05,0.05574549782657947,1.1857165296125078e-05,4.0976382244573994e-05,0.006452023717360544,0.018799189171825544,0.13591653619258237,0.5136746248338906,LCO,1,17
-21494.860437334002,2.3124809979564485,0.0007222709228211038,548.348095525767,-0.02387441385985767,-0.34612558614014244,-0.4214294989502152,0.21480229276086565,2.6809121417731863e-05,0.00019598433882520898,1.0411957134792395e-05,0.00013535246188029257,2.2802445148790086e-05,0.07818784468734696,1.1048222506229333e-05,3.449532777365147e-05,0.0041161050617317015,0.01010766202125964,0.07230052757392008,0.42616231145460515,LCO,1,58
-396197.12271292054,2.137577230401781,0.0018617945620309205,3039.442557283118,-0.0236154544291991,-0.346384545570801,-0.35667282535444045,0.20702925307050263,2.4550446243706697e-05,4.6967760301595884e-05,2.8277877235226348e-05,6.260565953257095e-05,2.5465924342786643e-05,0.057426314426837315,4.627618520209799e-07,4.119825679902885e-05,0.02317149660677367,0.030432447311727482,0.07838534457379458,0.4645093827600375,LFP,1,16
-348218.3873777806,2.1302255365154723,0.0003017363078070147,15896.575271856362,-0.019800108018775298,-0.3501998919812248,-0.2565894449498808,0.22057096285894298,2.5865681221980976e-05,4.649787986958302e-05,2.797971139330006e-05,6.038879821837283e-05,2.265505600123909e-05,0.055248463264692654,1.1591954034237645e-05,4.0007147575150246e-05,0.022090809401555455,0.08991412112657282,0.012658543650314505,0.570837890273232,LCO,1,99
-869341.3328908139,2.511501136815924,0.0013962063579285534,9042.738612796187,-0.03701071735763861,-0.3329892826423615,-0.26167247473992683,0.22281079769077783,1.4550028955138205e-05,0.00018785829231846894,1.0494208049976381e-05,4.401379191487559e-05,1.2440575980647159e-05,0.09949509214006379,1.4974268162770112e-05,4.354162369125601e-05,0.02461640671797299,0.022061217028248863,0.41612679001910174,0.2301395182127226,LCO,1,22
-296825.5062044148,2.543063956617166,0.0003282277886636364,14385.457258793293,-0.038556348412803754,-0.33144365158719635,-0.6849206422136535,0.21466941726547922,2.5621053802390885e-05,0.0002090607935841751,1.0032890977595176e-05,4.188314303071728e-05,2.9025206485981112e-05,0.07941176715415785,1.9544847212132722e-05,4.425399159455348e-05,0.01696038194571129,0.023110495018965286,0.18211622567553154,0.039852637091849746,LFP,1,84
-291066.5910381902,2.1223523866416345,0.0004251406358985137,9645.785056423132,-0.019564000227232814,-0.3504359997727673,-0.46446141716640177,0.240719397301403,2.94554760569731e-05,4.682297327026313e-05,1.1781328118533454e-05,6.120749560587799e-05,1.2148955848765311e-05,0.05507825260536857,1.1823365654493483e-05,4.5095738511836924e-05,0.019628102939285966,0.03478104738890682,0.3196940115961398,0.11106352384855166,LFP,1,72
-531167.9585167292,2.293338995481579,0.0003966305491104076,13797.399097958014,-0.026940449693604762,-0.34305955030639534,-0.05622861280544866,0.2354328573404927,2.1777863502134808e-05,0.00010857109017223325,1.5540684293668157e-05,5.440156322735001e-05,1.4758065207317502e-05,0.06503101888299029,1.9944095851556165e-05,4.6993137694526024e-05,0.022844825818288575,0.02374703942640658,0.43461247864098873,0.41541186912715605,LFP,1,69
-90945.96396364763,2.1927325661742265,0.00086919450464859,1673.511785345684,-0.021366199929560903,-0.3486338000704392,-0.17104765984056247,0.2951211908272031,2.93160390846536e-05,4.929458683358234e-05,1.0829389258753944e-05,4.4205803710253705e-05,2.4222888869905854e-05,0.07488926457766258,1.5494406986896693e-05,4.824664100437165e-05,0.009452699704731617,0.011871891291545176,0.19479129816399338,0.5522891507038991,LCO,1,47
-120463.1648777028,2.0789448511580693,0.00038884244449675866,7410.713125736092,-0.01716736133418184,-0.35283263866581827,-0.5329272301591164,0.20010174453180468,2.0672799095210624e-05,4.444480259695066e-05,1.3241644765705947e-05,8.832469871084309e-05,2.8365230089532846e-05,0.0741569437359056,1.680300590728562e-05,4.542116758281618e-05,0.013512761862061134,0.07257741749289048,0.2316843533039334,0.09281099904405987,LCO,1,82
-461800.5812081443,2.2101692318645574,0.0012429424764012283,6358.749908894931,-0.021687031181073735,-0.34831296881892637,-0.41172794842478366,0.31457325135264563,2.9846132166200203e-05,5.779625845205039e-05,1.0725703022298448e-05,4.1801661444872834e-05,1.222995677894687e-05,0.09702207275014108,1.951058192945383e-05,3.7283838484304716e-05,0.018070941276977028,0.17844040430172786,0.1702519433798198,0.16957970389366867,LFP,1,33
-774469.4627931092,2.149731710683116,0.0007085088427684477,19709.48969593772,-0.020134780685863607,-0.3498652193141365,-0.7408934856052787,0.287857177563004,1.4950997089374774e-05,4.689091271250141e-05,1.0704975915583562e-05,5.5933381752664665e-05,1.2227042063890443e-05,0.08924021323807915,1.5498518506541698e-05,4.351369789586964e-05,0.02478036775176752,0.026284447463829675,0.07551346680904777,0.087308600121844,LCO,1,48
-71247.99291121255,2.277962425571769,0.000702281360778878,1652.5909124839284,-0.02367519356301484,-0.34632480643698527,-0.6432318715082271,0.2009815348866892,2.7371157035237826e-05,0.00011777151769053311,1.358402317233835e-05,0.00010065029265443995,1.3419425670010828e-05,0.04119690698176332,1.7685844104658784e-05,2.808797633832438e-05,0.012028547873253078,0.079014236457389,0.19244664664519165,0.015307245389192242,LFP,1,37
-607887.7583645268,2.1714565578884133,0.00028984254596016386,33308.9301760487,-0.02055386743527876,-0.34944613256472135,-0.5846462647890389,0.20090944565363683,2.987018806173137e-05,4.882200442206855e-05,1.624929065242551e-05,4.659217694024913e-05,1.8530357325860036e-05,0.09382246320415664,1.831770056203019e-05,4.1779878586760244e-05,0.024157350593182497,0.03392173049512817,0.1290098906162191,0.18242211409961387,LFP,1,96
-151421.76342965642,2.1697164118752807,0.0008550242797391643,1720.0304419213523,-0.020985308082272613,-0.3490146919177275,-0.1334243281542863,0.2349194722134766,2.9335906595240838e-05,4.840974126488314e-05,1.1873560544533104e-05,5.02566435116173e-05,1.3365270159201218e-05,0.04024221050038016,1.4538399472670833e-05,4.110017010392506e-05,0.014506253788746426,0.0876217462392584,0.5710837303971743,0.13787019520928107,LCO,1,37
-87729.5936656016,2.196714921284877,0.0016589244424935485,899.0377247640448,-0.022199450740464588,-0.3478005492595355,-0.4628633377803607,0.20550197814247279,2.54614783725533e-05,0.00010055261251850488,1.3107012724319653e-05,8.301295090302777e-05,2.87403665258359e-05,0.05726448542514612,1.659183827767881e-05,4.917867583959409e-05,0.011111460380707351,0.015001609939789155,0.19139925570173005,0.2607357965781201,LFP,1,19
-795158.4649897788,2.483526860270822,0.000428969498508657,35662.29617522119,-0.0331189375512837,-0.3368810624487164,-0.2494940968323729,0.2879903874886232,2.5796560792893644e-05,0.00018868356052760272,1.044684220878144e-05,5.297971354094653e-05,1.6534636423413865e-05,0.09951446685123305,1.358990777699295e-05,4.349538331868522e-05,0.024848934376418153,0.021941658289202297,0.4289928166212035,0.2295714282572214,LCO,1,89
-487515.0331124429,2.1102396384833266,0.00030011280956487586,20300.378320342872,-0.019033948432053194,-0.3509660515679469,-0.2756127435139266,0.22736529091397234,2.849664993836208e-05,4.689867117431036e-05,3.449910105300578e-05,4.6630443871411326e-05,1.2994722887272917e-05,0.07486584356507524,1.8714817852236923e-05,4.193579290571109e-05,0.021608080298970603,0.3333807804335063,0.13329934891165368,0.18770712714091348,LFP,1,97
-252409.23812348102,2.277297485831851,0.003987746911798403,1135.8415889278301,-0.024776885847874297,-0.3452231141521258,-0.6202071644268548,0.22745146291126053,2.8050953737332813e-05,4.498281718319938e-05,1.0142396020985503e-05,5.6276434766413065e-05,2.5016801434995834e-05,0.04418635617052881,5.134682637924573e-06,2.9489961780387305e-05,0.021189383998652722,0.07955290096278886,0.01862859950432281,0.2116113351060337,LCO,1,9
-469861.8502405661,2.0774932537451067,0.00037270391096595284,37443.37444825474,-0.0169857789444543,-0.3530142210555458,-0.609495964808312,0.2671730723099965,1.8525902927701242e-05,4.530857505267508e-05,1.9516650082365198e-05,9.347556860907921e-05,1.494435089293869e-05,0.09319641172347357,1.8451124348022015e-05,4.5350701618113486e-05,0.02421045941928445,0.05275795352257623,0.12794567402364104,0.1398004076454707,LFP,1,94
-134473.91421200498,2.0460998229338996,0.0003312846673609381,16147.023983084533,-0.01634231753617499,-0.3536576824638251,-0.2985815313369006,0.2003727815298863,2.8592589968373484e-05,4.463347791318614e-05,4.1409547168346164e-05,8.302228032422349e-05,2.026386963989805e-05,0.0520752458302397,1.867313430902115e-05,4.400280686956363e-05,0.022825346260428658,0.44454973896476235,0.014299179984031268,0.17256954971430577,LFP,1,96
-397012.431958795,2.299431815819063,0.002430926171912917,2516.2950524757457,-0.025956717549190156,-0.34404328245080995,-0.2639980134973894,0.2032229138375566,1.4054604693077787e-05,9.118030985357663e-05,1.0488469242788625e-05,4.772733589467537e-05,1.2181945697237635e-05,0.06276154898153043,1.4998349724490637e-05,4.3548305834808213e-05,0.020914742686629555,0.021970275559732237,0.4115353925779089,0.2324963183649695,LFP,1,14
-3698.2923055795263,2.1776386490312443,0.021286405107541474,14.344270381260465,-0.052458759830796176,-0.31754124016920393,-0.30242441052758373,0.24105789948616377,2.8886487958467954e-05,8.839169415084229e-05,8.823220696192873e-05,0.0001325061683496553,2.4482211973815135e-05,0.043018103773502965,4.532873508435871e-06,3.752460564417553e-05,0.004034233607535825,0.5520557734724343,0.02877216572971934,0.04674765027026273,LCO,1,3
-13350.392249924753,2.079686955656885,0.0005005431842370929,753.0740966702642,-0.018601641960222626,-0.3513983580397775,-0.09905643409436915,0.22739125621324838,2.8731778242463013e-05,4.313449740523891e-05,3.462935834830614e-05,4.642520971895551e-05,1.8244008879510466e-05,0.07489267634982849,1.88774487610423e-05,4.783636779215408e-05,0.004356329162451432,0.4664382127837776,0.178165411599759,0.18633994152209432,LFP,1,97
-14923.505372432212,2.0794423423419213,0.0003572872223464762,955.8374620894381,-0.01693035796250575,-0.35306964203749436,-0.4727083787636768,0.21966694893961314,1.3120422675097128e-05,4.980537673959737e-05,1.4570257927725515e-05,0.00013677514017854683,1.3063423514815401e-05,0.05566321433326177,2.2444824644577465e-06,3.10516990480359e-05,0.005712161494135849,0.07754598925345141,0.34860905910662443,0.031136572876247427,LFP,1,72
-198820.90393244912,2.045444008041107,0.001974586248773462,3942.628363189679,-0.017958171502768128,-0.352041828497232,-0.5055138291798672,0.26697224849065027,1.646099867521572e-05,4.776035497687965e-05,2.1205391077183306e-05,0.00012730330751962207,2.3373013350167917e-05,0.08468586893271411,1.3337056098060575e-05,4.9058286975875873e-05,0.01857588957944835,0.014452618170305985,0.3469113449559047,0.06312220769392221,LFP,1,19
-453100.0605321707,2.2081896148893785,0.0008673877560145991,9086.4874465008,-0.021212822825079858,-0.34878717717492025,-0.5353609294034098,0.239662198891448,2.6420575767669413e-05,4.656736443053029e-05,1.011385146465445e-05,4.1847627389641976e-05,1.2140951892029662e-05,0.05593580177788976,1.945581133140552e-05,3.9537224716182915e-05,0.02333582080857745,0.015433330806523416,0.07223861294444137,0.30696712684562544,LCO,1,47
-10521.05795564511,2.0424182413817804,0.0004572050704971179,782.12618700072,-0.01608306400016568,-0.3539169359998344,-0.8098866633087202,0.26060788113458017,2.53118755885915e-05,4.503581898198038e-05,1.4660656068326809e-05,0.00013833747752369175,1.8061997204597667e-05,0.05556562107032169,2.3550243702815707e-06,4.457218144096963e-05,0.005097490840817654,0.07624967925206377,0.01170670757261516,0.032156949866600976,LFP,1,70
-169538.03820965783,2.447953948954585,0.00044490239404664666,6718.717903136599,-0.033372229871545755,-0.33662777012845435,-0.1749029329417776,0.28912881112756833,2.6441606607820947e-05,0.00019265476426298493,1.016323198508015e-05,7.342438747036506e-05,1.6107282360788007e-05,0.062276428265758896,9.641616409877459e-06,3.377144867035072e-05,0.014031652975634148,0.09680431598300693,0.4286804540632019,0.22961229701201352,LFP,1,86
-156376.90648782364,2.30918081922827,0.0008209077328461852,3545.4487349168844,-0.027288018399090674,-0.34271198160090943,-0.18159359733300617,0.2891208889082291,2.9338853414482e-05,0.00019357448510478204,1.0154634542692982e-05,8.507796865983318e-05,2.4408023547704108e-05,0.062261524896636465,6.8895279184156184e-06,4.612038344252511e-05,0.014098715072185502,0.13153416987452152,0.5272739022477108,0.08959833054476163,LCO,1,45
-252395.2986349087,2.1072527053402874,0.0003517590471209334,14552.574336030293,-0.01849627283734412,-0.351503727162656,-0.5461755392178124,0.21812897311414237,2.948864144826774e-05,5.877968552635021e-05,3.8257869249959105e-05,8.279876215326382e-05,1.2137677831342403e-05,0.041848891963754305,3.578667509849501e-07,4.318391091310536e-05,0.02463189044660822,0.01901489294118754,0.2632044458939553,0.10160512194704485,LFP,1,82
-157970.1474527385,2.252943854084396,0.0044131634617171536,732.6388783515409,-0.011358696532542734,-0.3586413034674574,-0.5579283859988418,0.280446135173018,2.7283513875285297e-05,6.107107956290413e-05,1.280136683989161e-05,4.1850386150790205e-05,2.725488051196526e-05,0.04833008691920327,1.940735789183303e-05,2.9549451550605597e-05,0.01633533124111245,0.1816030527385586,0.02327836747616166,0.16719019378643799,LCO,1,9
-24714.45699582355,2.0972446739576087,0.00326704059562152,143.1347632210925,-0.023806249224030296,-0.3461937507759698,-0.6734402109150462,0.29124453055779675,1.55821332279648e-05,4.41651959258389e-05,1.1534229340801943e-05,9.435765673524022e-05,1.3425927749573665e-05,0.040194006342540826,1.7876460671874534e-05,4.552984175885968e-05,0.00686438309143028,0.03644506501471014,0.07952846355726788,0.14058626051297576,LCO,1,10
-51383.36880656979,2.0963946966473386,0.0002675990678442052,2880.634568084607,-0.01741910552920478,-0.3525808944707953,-0.11400544532452095,0.20033220675337662,2.6354336917025368e-05,4.53971509033592e-05,1.1633887590340854e-05,9.1127003664425e-05,1.5196357639240505e-05,0.06482363703858206,7.412978891990117e-06,3.4389887182933874e-05,0.008770663895098129,0.04750989636489013,0.5143274665265705,0.2541571917840185,LFP,1,100
-13633.664210161753,2.1925852184466263,0.0016110860387159684,161.3382239840321,-0.023818746648711198,-0.3461812533512889,-0.6178030738003462,0.22541726965438214,2.548469675860153e-05,4.914539531890857e-05,1.5245067731525853e-05,8.171748946877618e-05,2.9100474029092867e-05,0.0549079116720409,2.0281063279083944e-06,2.283202063022251e-05,0.004806394420760071,0.026996678727984124,0.18724682408081517,0.09795342339085465,LFP,1,19
-479206.96827346424,2.1727365204666675,0.0009259704318822458,11554.448177727976,-0.020902345632254793,-0.3490976543677453,-0.012198612128179964,0.2860637768878827,2.9310001373286764e-05,4.916515556778613e-05,1.072376015575184e-05,4.0840257847017076e-05,1.7109239165440448e-05,0.09713367756490819,1.8678988114318517e-05,4.6888334980086695e-05,0.022124882423541332,0.1901009895731931,0.16955506894854358,0.5581453293500834,LFP,1,48
-55868.266410652,2.175835501820881,0.003936260901293149,239.41021192878037,-0.026342269436761434,-0.3436577305632387,-0.2640620113711746,0.21276382211127245,2.9087889019966325e-05,4.8824120686325136e-05,1.6274972094511983e-05,4.494476306518508e-05,1.320653728314423e-05,0.041200182606591154,1.2789291355924483e-05,4.209039450548535e-05,0.010589493649886712,0.11231607094190416,0.4347333567343816,0.11888856095253963,LFP,1,9
-17370.089234044004,2.210677707643076,0.00043164635641203324,564.4134481150157,-0.020775187943082418,-0.3492248120569177,-0.6963577418109502,0.20050467506102768,1.5942473666020666e-05,8.023217375723496e-05,3.297738775735378e-05,7.277510009666003e-05,1.3863401198235105e-05,0.04008087201924955,9.854043876878665e-06,3.736652861447821e-05,0.004255587789738938,0.012900359337547584,0.034600110856729885,0.18614178799477232,LCO,1,100
-276755.50512166147,2.1069678455522545,0.00038382014450108834,11170.508816910376,-0.018389927615992896,-0.3516100723840072,-0.6146817761640475,0.25292991419463273,2.9554450601697694e-05,4.659769059458533e-05,1.0000095386100501e-05,7.0322158217501e-05,2.872510348126357e-05,0.054090809168015036,1.71161555713813e-05,4.4223681806082824e-05,0.019631382673040564,0.023025171777444214,0.18119936221713673,0.11109368984137166,LFP,1,84
-57715.93327613485,2.0685373630701394,0.00042006644560696856,4414.616657010301,-0.0167443587060343,-0.3532556412939658,-0.24381202025687776,0.23982899662487983,1.73521457023055e-05,4.107530647328392e-05,1.1863833047621212e-05,0.00014626606552147595,2.3312054724985102e-05,0.08413003819130363,1.833256037792298e-05,3.278527980205882e-05,0.01008323642095047,0.09635171429628928,0.43121741179548123,0.15861885365135175,LCO,1,80
-226079.63325806815,2.3107641176516474,0.000801777947137144,3288.6000632127248,-0.025045392457673454,-0.34495460754232665,-0.19503095037261364,0.21548491222676888,2.9552453025307247e-05,8.142784647846426e-05,4.246726299113336e-05,4.021378986985232e-05,1.3154477249588219e-05,0.04000392106598834,1.4561908509883631e-05,3.568986355980725e-05,0.019176636264107427,0.010165885356964562,0.587101679687571,0.13770148458285078,LCO,1,37
-156581.014442846,2.2610926205165525,0.00030193901848957585,9744.334150173872,-0.018979874915700634,-0.3510201250842995,-0.1926090953295897,0.22742607989193772,2.9825406249677294e-05,4.629677346866369e-05,3.558941313952762e-05,4.830056877790261e-05,2.9777526940937095e-05,0.08151497301078021,1.9885877811192733e-05,4.425907848479095e-05,0.014945613881238565,0.346862641923364,0.18347539677116556,0.2070528659758808,LFP,1,97
-18033.85720470145,2.1618160782309817,0.0075909843736296015,76.3221181897728,-0.028947170382565002,-0.3410528296174351,-0.0785458517290033,0.2397585400218601,2.7083060425293422e-05,9.867132729173438e-05,1.256559234401252e-05,0.00013529569844296371,1.6379941008453136e-05,0.06869396991890053,1.4971480828776945e-05,4.7508131106663916e-05,0.006059514426499435,0.021706634734724936,0.5983566971052937,0.23139081643097809,LCO,1,5
-255953.28749261904,2.1737593274771876,0.0008759505859710709,5233.583872938673,-0.02167523663182136,-0.34832476336817875,-0.3681449856450417,0.23916742039835692,2.934531952947254e-05,4.528604372853258e-05,1.1124976133197266e-05,4.1839829177889304e-05,2.430565443583995e-05,0.04737703584392735,1.377311814535469e-05,4.772615447581328e-05,0.020448413884252628,0.01174755746303465,0.24798302636964664,0.3021244305222771,LCO,1,47
-864885.0220610857,2.5790742602971606,0.0014197357007453653,8805.376528715324,-0.039297702357993014,-0.3307022976420071,-0.3159897283496711,0.22281221914780092,1.447281814342378e-05,0.00021447680199224362,1.0343505714293574e-05,4.387984200855408e-05,1.2473430448153374e-05,0.0994809589565349,1.3275953416364742e-05,4.3532753485768275e-05,0.024497474469957578,0.024596294524791673,0.3599735266111711,0.22944045051436618,LCO,1,21
-302228.676786475,2.4929643572207785,0.00025035442891068263,20626.16091835845,-0.03718060416611957,-0.33281939583388054,-0.3044600929654132,0.2032354943317402,2.0447817353030282e-05,0.00011130589137182256,1.4129691233068581e-05,0.00010224592128010556,2.9593436590352564e-05,0.05744279592371027,1.790665546669765e-05,1.1971170311588513e-05,0.024187688811146284,0.03879130704576479,0.5227835561678316,0.0639650438209905,LCO,1,94
-20045.0192605198,2.1242176160557014,0.0005781011012460236,589.0360787886318,-0.018613847591562926,-0.3513861524084372,-0.5414827807673737,0.26200965022857675,2.9914782517095126e-05,5.8784892153177816e-05,3.9940612707571806e-05,7.098660443992459e-05,1.753554288507291e-05,0.04184950421601462,1.953900419214323e-05,4.835064527345565e-05,0.005920587647842682,0.019022083533877892,0.26632969659392586,0.10316543910482259,LFP,1,59
-37519.75506946823,2.441596474879579,0.0003700350476166507,1279.28493735756,-0.032410685046466714,-0.3375893149535334,-0.2768129224625493,0.21521602683954955,1.786117638369434e-05,0.00018064077573266,2.231202121177226e-05,5.699711387319129e-05,1.9216900987473557e-05,0.06061175653080324,1.5741613808944336e-05,3.645463937972373e-05,0.006331257302428882,0.23483871007085977,0.26402735440852315,0.1543210130580678,LFP,1,78
-143008.89755976203,2.57249975331771,0.0003600422958516184,6611.294229473457,-0.03839817034241255,-0.33160182965758755,-0.7482292968451014,0.20516613589214572,1.766485810272157e-05,0.00021598613812144466,1.6783396127938508e-05,4.820143888929619e-05,1.6499617762976406e-05,0.044724725599111656,1.9475521363385745e-06,4.0525828426838145e-05,0.014433060772665828,0.05709190338614477,0.014153866631693362,0.1105249331370605,LCO,1,87
-301983.54816013866,2.365443085579597,0.0010881173455956714,4563.666336157604,-0.02833692536238175,-0.34166307463761836,-0.5152623099081719,0.22718487687550248,1.5817231435168963e-05,0.00022744535867065053,2.2083795826376558e-05,8.71076195569563e-05,2.159690165195632e-05,0.0459097333558269,1.9266756371022623e-05,4.96116448374838e-05,0.02167182073014217,0.037408662854467666,0.3622840834860849,0.015044943751275627,LCO,1,28
-690740.7094868551,2.412038135038119,0.0003119148583412043,32339.054441142827,-0.03131856647664222,-0.3386814335233579,-0.2901250578195601,0.2380972275722554,1.770386134979627e-05,0.0002235253489356715,1.6759740300558428e-05,7.035963902393242e-05,1.4345448036232147e-05,0.08189917684710454,1.3878891664069516e-05,4.7962961424997475e-05,0.024908838467584946,0.0431456622540588,0.4746590651985084,0.12207021472787274,LFP,1,92
-9741.214506279457,2.393134374644357,0.0005518779615139918,436.84045811983003,-0.030078869250586227,-0.3399211307494139,-0.3401740731392612,0.21338339962407712,2.1996546247303545e-05,0.00024326572774934006,1.6330016914345895e-05,8.366461420971695e-05,2.4190668715222692e-05,0.040481407810597635,6.870729499819964e-06,3.911775242649135e-05,0.004324959212960619,0.1816703722640381,0.33231741269386317,0.07583814190283755,LFP,1,83
-263926.82139579527,2.1075937210428783,0.0003478581985371655,13558.948052225278,-0.01818818038719483,-0.3518118196128053,-0.32079361637803416,0.21958959514957307,1.531989401894434e-05,6.074802846940864e-05,3.879958016329311e-05,7.928017556719285e-05,2.9969409333088828e-05,0.04222006800877114,6.2531454700887685e-06,4.3328321255877575e-05,0.02470241333470369,0.06209238895605763,0.4454889921848767,0.10162500248103158,LFP,1,81
-17460.803158793322,2.3287153192454753,0.001157831257394343,223.71111535984724,-0.028158885734037575,-0.34184111426596253,-0.06040393008411149,0.2525205639979962,2.125595528885621e-05,0.00011049364513212567,1.0545815084102117e-05,4.11585036775213e-05,2.273048483880303e-05,0.05774447649482309,6.274847631665189e-06,4.9366892789008976e-05,0.004224162526450565,0.04279272543466806,0.5358438311334907,0.29095951334772985,LFP,1,38
-737816.7139677971,2.4357027349158673,0.001623988500966818,8272.747209557116,-0.031107678764354496,-0.3388923212356456,-0.39176841208532,0.22285526004041076,1.4457646463117166e-05,0.0002417744311058449,1.1013121622040592e-05,7.335161983058989e-05,2.4855612805802344e-05,0.09999624327208924,1.6606576569897894e-05,4.628587680342801e-05,0.024043508910960295,0.049766711663528515,0.3600741707348717,0.12839070551627985,LFP,1,20
-373341.29907902365,2.4651849848486362,0.000544110905655395,11837.047884021169,-0.03377923014511941,-0.3362207698548807,-0.35910904881329275,0.21026069261922364,1.7118686642867694e-05,0.00021834368840568756,1.070162641781354e-05,7.259964857525761e-05,2.1635743297435197e-05,0.04997717631755191,1.645267324889501e-05,3.631858576097294e-05,0.024730402788362974,0.037418650427928773,0.39911369084062254,0.134358609918156,LCO,1,55
-263088.83416573645,2.549084674812923,0.000349063883195415,11043.22619912918,-0.03687239453879698,-0.3331276054612031,-0.6321432448078531,0.20310149383061582,1.7427285939526062e-05,0.00021442468603757273,1.0057197173533054e-05,5.0233912352772925e-05,1.245678480014258e-05,0.07716436066604859,1.644991417909632e-06,3.909480427449157e-05,0.014385478804025591,0.023983346521719715,0.16437010460171728,0.10950330406870992,LCO,1,88
-26183.98102510764,2.3818544778059807,0.004226565198591945,70.69648644238895,-0.029460577980185754,-0.34053942201981435,-0.20446607073284329,0.2701158873985291,2.1456129152990338e-05,0.00011065868071560062,1.6362908731265777e-05,4.092732581275979e-05,2.2723316942181968e-05,0.05870463756993637,6.329410563459253e-06,4.9413832701994925e-05,0.004446189204530944,0.04005062828042209,0.5413834022430775,0.1440998987436572,LFP,1,10
-691479.4605714031,2.3072379129449962,0.0018010575124949514,5717.423523453757,-0.011973010443377952,-0.35802698955662215,-0.20196471028084195,0.2312347806753006,1.2921444137711779e-05,0.0001318723387111994,1.0813629702110362e-05,7.015419101354377e-05,2.9981502022424983e-05,0.0774998775572737,1.4676874859002401e-05,4.732786058696076e-05,0.02471106315713322,0.020220655354604402,0.4538421304163104,0.25397250394824333,LFP,1,19
-321390.1020994134,2.1854551160346234,0.00033610791877742983,13126.407763415928,-0.020540654689632287,-0.3494593453103678,-0.2178101111367875,0.21708429962177997,1.3319403477317279e-05,6.344121402953017e-05,1.0385365975651697e-05,5.4315517477834405e-05,2.9003990721379653e-05,0.0586242009889142,6.151536037036455e-06,4.073693345669113e-05,0.0211175436473726,0.11360427625127191,0.43510731652673124,0.16347829608520936,LCO,1,83
-350012.17917736626,2.246267534928671,0.0022005579283994156,3791.182336671639,-0.024421929093402905,-0.3455780709065972,-0.4347142212574893,0.20183059285353322,1.4462798139309516e-05,0.00012060823846390149,1.9388225563463735e-05,7.454180255890853e-05,2.777960013961529e-05,0.04866747554979556,1.560231787437813e-05,4.480188347610461e-05,0.0249325511660218,0.03872459106712631,0.36752977941571074,0.08903140825967366,LFP,1,18
-70965.2344519059,2.3240610927045524,0.0004473079372220985,2830.8248051796854,-0.026790451837963136,-0.34320954816203697,-0.17262899778044127,0.2706484454459981,1.2738694607857739e-05,0.00011116173092377737,2.0263776395749505e-05,5.955472789976589e-05,1.7239605386718087e-05,0.09691355811826202,6.317151338281028e-06,3.3588601840622244e-05,0.007108659533881468,0.02574521589908683,0.43233933718473533,0.29928644913573665,LFP,1,90
-104901.97004093102,2.45355101022595,0.0003072614766093488,5467.378224738126,-0.045308987925126054,-0.32469101207487405,-0.708561251991636,0.20500557759692298,1.7641305507593693e-05,0.00021769279648418605,1.2366018373167464e-05,4.760559761506242e-05,1.6458184881840025e-05,0.073717454402179,6.431297750838625e-06,1.366324509508578e-05,0.010943668421813026,0.05722962636084436,0.013978508317415993,0.15023061333010362,LCO,1,77
-27743.25316169596,2.071710265239357,0.0005250946392477984,1081.972896343684,-0.01671061858301659,-0.3532893814169835,-0.06398883633272867,0.2397535991640891,2.3053346154833622e-05,4.6492504281367926e-05,1.578654658067485e-05,0.0001294844576698427,2.3343805580148128e-05,0.07827357827719046,1.82648354910664e-05,3.282701964662413e-05,0.0063230283374206865,0.09755484309477061,0.5409752038172602,0.22748111675524063,LCO,1,59
-223638.92865260894,2.560742379792961,0.00038335002102165585,10374.898641635753,-0.038214268881998414,-0.3317857311180017,-0.6902716392005469,0.2407066818671551,1.7425369275935155e-05,0.00022122266318969593,1.6928319629610337e-05,5.281564926903747e-05,1.227577934022465e-05,0.08666720387884695,2.3835606975466517e-07,3.799925187080232e-05,0.012862920440461601,0.021814489494265635,0.16483108447995778,0.0530827868252297,LFP,1,90
-22255.988026821142,2.4322577325209305,0.00037047450246339167,1255.6563996383054,-0.03162573487009146,-0.33837426512990865,-0.37512323750265075,0.21620367488872724,1.742414947514014e-05,0.00021473264617258953,1.0226160928174957e-05,5.963063447723663e-05,1.931490544848742e-05,0.06058445581350306,1.8122605238909948e-05,3.644783577265356e-05,0.006327624425829345,0.3480897581758948,0.11849640697948786,0.08829059734196655,LFP,1,73
-65050.22995202771,2.503500068759874,0.000405156985098944,3594.672601273755,-0.0386923875073677,-0.3313076124926324,-0.622857396970268,0.24076559565798636,1.2572189743506491e-05,0.00020362090680571348,2.1119467789267526e-05,4.45674302200032e-05,2.9967758087673134e-05,0.09400942607786122,3.77908425903418e-07,4.712214051814939e-05,0.007541848674807615,0.08052126558744502,0.16466967739785843,0.06195166004442862,LFP,1,88
-477108.10907363315,2.2066877942041314,0.0003285534485271824,22820.31779990558,-0.02235594015574316,-0.34764405984425695,-0.6767682298064416,0.2023911505759133,1.6567240550857295e-05,8.714775501951332e-05,1.0957642278643121e-05,6.511452559425548e-05,2.5988326822580174e-05,0.07713422217243762,1.8968496174105385e-05,4.1600831891045655e-05,0.022382678940702807,0.17174960037079756,0.05282380202781967,0.028658367794941256,LCO,1,80
-634648.8616561104,2.433143463817305,0.0002963702828494981,32033.052733666806,-0.028859098836678587,-0.3411409011633215,-0.46238891317615394,0.20773062082816046,1.3625556826378887e-05,0.00011121643583770593,2.026731553007603e-05,5.468373896514661e-05,1.2494735583631877e-05,0.08038390839917443,7.576605045232727e-07,2.843077120377514e-05,0.024610802699033665,0.01786291804506964,0.43404670813979174,0.015701460638984782,LFP,1,91
-3787.112574624047,2.058119659431982,0.0020127590460724955,101.86825305723887,-0.01753949865912352,-0.3524605013408766,-0.24204162969500864,0.2339854418486174,1.4146121188010463e-05,8.507531710308136e-05,9.679455385008326e-05,0.00014282128228373513,2.8260451729254267e-05,0.047398353848192847,8.856711903539697e-07,4.306968678904806e-05,0.004209817216279407,0.5558264186797293,0.0876612069371351,0.04447074468812711,LFP,1,18
-298246.7048268202,2.134202511381586,0.0007783563137272952,5570.557752046204,-0.02103585622974924,-0.34896414377025087,-0.16426245926583827,0.20982467459065404,1.709584058078288e-05,4.263552922743102e-05,1.0304846104883092e-05,6.435161533005134e-05,2.168430578874991e-05,0.057886969129084816,1.818762689248612e-05,3.641667397794042e-05,0.020312899537349438,0.03757068739008109,0.5361440110475898,0.1920228422964909,LCO,1,40
-48591.503219552484,2.578503079073495,0.0008534266429915054,753.5465717423756,-0.036333836101850814,-0.3336661638981493,-0.2286053038193907,0.26575538785112096,2.4972601754972306e-05,0.00020482264743034397,1.3634106391225127e-05,5.294475823229929e-05,1.871597688174059e-05,0.07937726907820764,1.594597982030661e-05,3.344090692783432e-05,0.006125450967186006,0.03561233602180058,0.5692975038643329,0.09648485629447592,LFP,1,39
-748413.5770273864,2.411018524327536,0.00039744079060332135,27520.675054456024,-0.028100564672921546,-0.34189943532707856,-0.13773149229526238,0.33073152073389855,1.9562466201689104e-05,0.00015275677419302814,1.9002066232890244e-05,5.100891470016708e-05,1.2271606287105266e-05,0.07407323231115549,6.5599892211203825e-06,4.50741618389983e-05,0.02467010042746347,0.047425310768800084,0.43103751735423546,0.31380567958170213,LCO,1,96
-179153.81457629715,2.0974447239123,0.0003123714139215893,7866.429531627318,-0.017931824019322473,-0.35206817598067763,-0.19055885631782932,0.23704604439735738,1.7553073187812103e-05,6.088347301993067e-05,1.6351792430592844e-05,8.385992566735529e-05,2.2735704920515753e-05,0.0582150502598228,1.6787775861186133e-05,4.7280946471790036e-05,0.015476221527136881,0.04319379660889634,0.5420428718363299,0.1542044752369445,LFP,1,92
-493594.8484560853,2.5476093077584636,0.0002982998616817495,19588.51651154925,-0.039072805937808486,-0.3309271940621916,-0.3032572104419614,0.20990876052340407,1.694273293305533e-05,0.00020540387439211302,1.0316140093336287e-05,4.9978837282030236e-05,2.5263475131412254e-05,0.07730068915250862,6.028709794880973e-06,4.018975857651458e-05,0.020390629090312046,0.04377414352879334,0.511716987999359,0.07125165802988614,LCO,1,90
-19465.165950764112,2.4011378430030246,0.0003134183708625845,1135.434867442219,-0.030004168758255734,-0.3399958312417444,-0.2650324099990907,0.21056920304115417,2.0563395153567707e-05,0.00024552099423467933,1.299440546644403e-05,7.113005752603571e-05,2.72837840431185e-05,0.054567852114167995,2.8261770848379117e-06,3.6970413553966524e-05,0.0062596681377998994,0.33495969418170435,0.26157619123703413,0.06843170458217081,LCO,1,76
-65305.44868928879,2.1984981267849735,0.0019496500301817204,898.7473233559529,-0.024023561058187592,-0.3459764389418125,-0.23455719567723066,0.24806310032297588,2.8203956246034688e-05,5.366824940759813e-05,8.672794210070077e-05,6.783221577558117e-05,1.5876316231125523e-05,0.0568379580127366,1.5398886809912055e-05,2.5875143827955424e-05,0.011764800154488584,0.07754827576339984,0.050847361172173436,0.5670471673871961,LCO,1,18
-36435.15030769959,2.430981788863062,0.00031582383782162584,2890.209290906683,-0.005464266446487898,-0.3645357335535122,-0.5758343350100928,0.20019441487812734,1.7970465834491274e-05,7.834245095232681e-05,1.0740682761472607e-05,4.765353864917363e-05,1.530462947759689e-05,0.07533107643619805,9.419066820269481e-07,2.918006083321348e-06,0.00833811946080604,0.17599300363075493,0.02784053606871729,0.15033212529043502,LCO,1,77
-40317.03958255733,2.6134247688211225,0.00042382371859492704,897.5932926514191,-0.038555252431200504,-0.3314447475687996,-0.38576889184216456,0.2664830086407129,1.4383590772692831e-05,0.00021484548542250072,1.0564849107084998e-05,4.065202743426749e-05,1.870448737057892e-05,0.04401946789976578,1.66402135319536e-05,3.3372393186956916e-05,0.006029687974575283,0.010389296306373346,0.4822478124151571,0.051593999436304994,LFP,1,79
-719829.0723952127,2.271520777096783,0.0017914485655389156,6999.564924186704,-0.026356535032509676,-0.34364346496749043,-0.36740377748590225,0.23136157778931846,1.2913927062434183e-05,0.00013179846943069633,1.0826484252591259e-05,8.060857555071334e-05,1.9673632242496458e-05,0.09044840749498054,1.3212330850926649e-05,4.3440851654894953e-05,0.024811402932652757,0.026579814496481155,0.31828606708327756,0.21773034093433907,LFP,1,18
-34249.171363654685,2.191539856121033,0.0005910558893371795,796.4422700767508,-0.02121443859315031,-0.3487855614068498,-0.5906858034310516,0.27023675302291883,2.9823284434253845e-05,5.8122119353023216e-05,4.00693935340949e-05,4.088484344457522e-05,1.7445221752285344e-05,0.04576164151368069,3.4776611400675126e-07,4.79094043903434e-05,0.006590764327710804,0.04016801535502447,0.14601806222079217,0.15312811899313183,LFP,1,60
-17552.54495046012,2.3875381244958014,0.0007766824553019512,272.38507497614,-0.0273845802769479,-0.3426154197230522,-0.1575865940300436,0.20963630689502546,1.5110923975783637e-05,0.00014069480102660674,1.0302807762679433e-05,4.969621768734671e-05,2.317655911913423e-05,0.05788829798665566,6.253676556931713e-06,4.44863579220463e-05,0.004286429637038385,0.04498329564246701,0.5362847222987767,0.1911453880287127,LFP,1,41
-73052.4540164095,2.568173542429909,0.0003767466722481381,3429.2334358274766,-0.03839817034241255,-0.33160182965758755,-0.7084907161067809,0.20493529531027013,1.7675825171642292e-05,0.00021597367903545387,1.8516551767698734e-05,4.760277070760777e-05,1.6438500596995332e-05,0.048918878320967064,5.090004499369874e-07,4.0681627540454347e-05,0.010921082411685752,0.05723172620827962,0.013976030852705662,0.1503015268322338,LCO,1,73
-474253.31615232246,2.3881862952061814,0.0007729792523910834,7065.140181994385,-0.02927328666827922,-0.3407267133317209,-0.13924027160253538,0.20666632812193633,1.5110934885967089e-05,0.0001407285990456138,1.0264302334622336e-05,5.4392345005382265e-05,2.8467684914639703e-05,0.05862806346585481,6.25703393827042e-06,4.063461350851481e-05,0.022155918258369302,0.04357786251374609,0.5840055247339612,0.16317634114975743,LFP,1,40
-3810.2805687233094,2.0963960706429035,0.0077956730359593105,31.510889119555983,-0.025706691383306612,-0.3442933086166935,-0.13606969432969118,0.2415766718317342,2.921131240256209e-05,8.473313048225284e-05,3.833973526024605e-05,0.00013544950996786795,1.4625811762060018e-05,0.048622936199505744,3.0770569064331382e-06,4.3913130431613614e-05,0.004106231183787241,0.5717002589317873,0.16667038996590336,0.05555965677261819,LCO,1,6
-3308.8537214738344,2.015149418723216,0.0006168747540614215,466.19443585295465,-0.015258892327048024,-0.3547411076729521,-0.23153305572491245,0.21749818292866074,1.635222497485633e-05,4.1326220462766665e-05,6.542049092470611e-05,0.0001397650353523753,2.9367265338842293e-05,0.04997181829334241,1.5067460948059233e-05,4.156344291317048e-05,0.004000189281024577,0.5898475278275845,0.017709706588700677,0.09090970985880242,LFP,1,90
-3828.653216828975,2.0583375943370235,0.0014473444476039534,122.17147857055919,-0.01714412326572523,-0.3528558767342749,-0.1397718212739435,0.2713864740807184,2.6162979267856855e-05,7.174042046266362e-05,6.428469700547281e-05,8.652557236554973e-05,2.556392044025955e-05,0.04320595081106921,1.4071178464128613e-05,4.9926686980683206e-05,0.004025774229346135,0.5809905945739511,0.11748225225059342,0.09175533190151212,LCO,1,28
-3559.4924565387214,2.058556189859187,0.002393786511750417,82.83297850641182,-0.01894987269763826,-0.35105012730236185,-0.20655147647335048,0.21374513815040924,2.558526571273468e-05,9.594704311145193e-05,5.2262295025288523e-05,0.00013935712678779947,2.9191577087648358e-05,0.0513081701138745,7.57802977339379e-06,4.364042045429191e-05,0.004186466114895347,0.5979812280867205,0.04066720458787476,0.08480009085205435,LCO,1,14
-11566.684284056626,2.1881237116599404,0.0002851969234174124,461.73532408417543,-0.019176627487688336,-0.35082337251231177,-0.06791212808454783,0.20392392177248034,2.64981854617948e-05,5.512993894759443e-05,1.1174768715550602e-05,7.304887029630885e-05,2.9170112720476843e-05,0.04095779019650863,9.643067879128343e-06,2.738048182115613e-05,0.004684499340563173,0.029171463555587394,0.518907957500867,0.31400845085899776,LFP,1,95
-3511.0853188744018,2.074817973622239,0.002099664876400307,86.8405720914244,-0.018181360812339786,-0.3518186391876603,-0.30127755994845873,0.2648551729967416,1.925695453387548e-05,8.815164410089614e-05,7.806939244802368e-05,0.00013585019720749374,2.7017560803085745e-05,0.04294279228655163,8.30259499768341e-06,3.2363983540797195e-05,0.0040205466959615885,0.5609188861516545,0.03379112733061489,0.0340124265692719,LCO,1,18
-3773.3382756959895,2.0873098092233278,0.0019232938831260024,84.29257388416565,-0.020650483342774528,-0.3493495166572256,-0.2938648503695763,0.20734696196361455,1.880987339343005e-05,0.00010424088411522632,9.588933773583427e-05,0.00014473290784014893,2.8344087943314135e-05,0.04410930511401061,8.004173823859091e-06,3.1903999274786516e-05,0.004002815975789472,0.5613906023565669,0.033802029770518674,0.04094251750333812,LCO,1,17
-3654.714845792668,2.0195363742094328,0.0009369107451090111,270.67674446915254,-0.01555034376057085,-0.35444965623942926,-0.32805466398213123,0.20059545807605814,1.8492239254490485e-05,5.2753871670700004e-05,9.594146541061855e-05,0.00014941693980490182,2.9959824008161135e-05,0.04428386883192001,2.7805876994493396e-06,4.982305444814719e-05,0.004010977413627694,0.5298907513529008,0.031095260588451603,0.0409593240765165,LCO,1,55
-864885.0220610857,2.4731874457471044,0.001558878654216565,8224.966925945157,-0.03298264175890475,-0.33701735824109535,-0.2770354006646064,0.21020748451292207,2.5614918528972205e-05,0.00014756803227818557,1.0906024672406357e-05,4.3804724432350224e-05,1.2125154850128881e-05,0.0968317148025652,1.0644013890392653e-05,4.256121255555481e-05,0.024883876878784357,0.06457139379140345,0.3981055046037284,0.19028770094026176,LCO,1,21
-3209.198431033106,2.0668828419093477,0.002127172293594929,89.61653603764326,-0.017798784397791145,-0.35220121560220896,-0.2942825075775253,0.2658985297770647,1.8809620370925592e-05,8.06985186409585e-05,9.589629853651154e-05,0.00014475292292602074,2.6404708939889612e-05,0.04465389389280876,7.869935706658161e-06,3.236936212669638e-05,0.0040027938593942625,0.5607286960423548,0.033790656513732066,0.04119813986638795,LCO,1,18
-3811.818526561009,2.1192176266845295,0.013573502951948509,32.029987131117046,-0.02722402257272405,-0.34277597742727606,-0.250099264215647,0.2651525624428933,2.9187634108616625e-05,8.840549674966578e-05,8.890404373439993e-05,0.0001421541463230922,1.4019882967887525e-05,0.04505874227761787,1.678221095180603e-06,3.728359305488372e-05,0.004168310544771077,0.5380791448005439,0.08573667612141965,0.056084914862389486,LCO,1,6
-860745.8864094501,2.221229905103532,0.002553818846621085,4860.815569764853,-0.023303201935304774,-0.34669679806469533,-0.0023113849152870403,0.21021074945870366,1.6781499180577415e-05,7.526348019285264e-05,1.0768866116695297e-05,5.5510856787756915e-05,1.2394755400765262e-05,0.09930922541025027,5.813666514786876e-06,4.368292231435835e-05,0.02461463928747078,0.028412754248216838,0.5878359746881074,0.3114398861483887,LCO,1,14
-864885.0220610857,2.5280220064214913,0.0008682127455794774,15479.278240957305,-0.03649173858209398,-0.3335082614179061,-0.2848653825771713,0.2517011754884535,2.8526308059261786e-05,0.00022635345716124494,1.1027264140069104e-05,5.487435812851418e-05,1.2000036852905549e-05,0.09989666322486745,8.420598769255605e-06,4.356627101933454e-05,0.024923503256302833,0.042774239918973465,0.31799411282180207,0.2843662646820532,LCO,1,37
-3279.97478042366,2.043769732994986,0.0014473444476039534,150.99807621596236,-0.016196406903718152,-0.35380359309628195,-0.14478674996163032,0.27185300186716777,2.533202652638805e-05,7.171271625603484e-05,6.988896719399614e-05,0.0001396817940332784,2.383834914504299e-05,0.05131708377170317,1.41216692135453e-05,4.355891721561093e-05,0.00404849633821398,0.5808466210822317,0.11971791437520651,0.08464871458093153,LCO,1,28
-864885.0220610857,2.5293557067095724,0.000838967478168827,13878.607198208221,-0.03615846076041285,-0.33384153923958726,-0.12388337814945527,0.23836775435174462,2.8953564209302307e-05,0.00021346359502318437,1.1109719309693962e-05,5.465462394711643e-05,1.2127754934733997e-05,0.09926631427922555,8.586520238446257e-06,4.333925161543411e-05,0.024211107736761533,0.05462301971669674,0.4671014540637808,0.2843921480700673,LCO,1,38
-3572.532249400778,2.083696083415725,0.0019150617350557739,115.85344802984658,-0.018379584407927307,-0.3516204155920728,-0.299997527740963,0.20728173066979738,2.5644973778327397e-05,9.22247987965475e-05,9.603406206124816e-05,0.00014475073739557754,2.9202114948470768e-05,0.05136314395387621,7.390357291069417e-06,3.185859490115469e-05,0.004270404520458883,0.5461270890587566,0.0438189345422161,0.04005644865806439,LCO,1,18
-864885.0220610857,2.4616334007221554,0.0011838204637006193,15177.085578996017,-0.03092922692421629,-0.3390707730757838,-0.22932913798904608,0.21025498911901938,1.6681915182193434e-05,0.00020083071798157143,1.0711747167808407e-05,6.0976528744241716e-05,1.2402163294720742e-05,0.09974156691774222,5.093070638144958e-06,4.3461712562993815e-05,0.024705741297454523,0.014566346826129178,0.42010119287311154,0.26600332231171325,LCO,1,37
-864885.0220610857,2.5722487968772723,0.0007629038374064382,16157.645472533386,-0.037163340613960205,-0.3328366593860399,-0.23718219373063398,0.20743304878578592,2.1882775426782865e-05,0.00022722638362698803,1.1101941358980607e-05,4.120007138939555e-05,1.2001272098865646e-05,0.09989509477414127,8.257884377857575e-06,4.3566457159967416e-05,0.024297758407954118,0.023862598810026257,0.41709978914097456,0.2518554183183652,LCO,1,41
-864885.0220610857,2.2838443689365393,0.0006586950319100871,17299.766681447,-0.014514050688991809,-0.3554859493110083,-0.1537024039826146,0.20351276659100537,2.827544179319612e-05,0.00011274830508073663,1.1029864351876354e-05,6.243516402533863e-05,1.2128103799725606e-05,0.09995329561845291,1.050891738406868e-05,4.403541316123675e-05,0.024863318533183507,0.0580081731321347,0.4302143606798108,0.28807506220543994,LCO,1,46
-860745.8864094501,2.253965815426554,0.000673502521550287,15730.800442715128,-0.02538137404233254,-0.34461862595766757,-0.21757503278012202,0.21023900897625167,2.1246611672968697e-05,8.173870288127184e-05,1.1218462415562413e-05,4.849767089194983e-05,1.25007783195649e-05,0.0992840601880702,1.7528621462593167e-05,4.368315827676145e-05,0.024450203624258454,0.011881430736345601,0.3472824082961362,0.3532611281873962,LFP,1,43
-869341.3328908139,2.3288802645251767,0.0007507195792595999,17731.4318405729,-0.016957912174779377,-0.35304208782522073,-0.2271956437889201,0.20036610477119382,2.952081767600135e-05,0.00010871311838441928,1.0853467588498839e-05,4.1111038201579615e-05,1.2383789483498993e-05,0.09995319040659409,1.4871801914368375e-05,4.404681389547866e-05,0.024868941295445927,0.060030596257724125,0.3851259271823203,0.2576478327710355,LCO,1,47
-3622.5535915810556,2.0550196368968834,0.0005411347297221714,438.6912135825351,-0.007078131240114693,-0.3629218687598854,-0.23140816348578896,0.2072452334054378,1.994252326257829e-05,0.00010436020727428363,6.523327240557943e-05,0.00014704643759229024,2.788502235201333e-05,0.04405309772081613,7.977843015441732e-06,4.235837859011373e-05,0.004002819990272115,0.5969999023795883,0.010263394001202329,0.09132854013342044,LFP,1,94
-869341.3328908139,2.419698829421517,0.0024130082873533728,4390.963552073257,-0.027693395320022685,-0.3423066046799774,-0.23709412465559476,0.2035471381881774,2.961765724873293e-05,0.00013094354674957575,1.0918300863594864e-05,5.303521583986356e-05,1.201201013565494e-05,0.09834583324681563,1.6067495103981186e-05,4.191587445468928e-05,0.024356293205464633,0.012873556359479317,0.3924664528741598,0.2875658661107662,LCO,1,12
-860745.8864094501,2.2184401965780607,0.0007169684492771788,16626.9751905461,-0.02198288025004036,-0.34801711974995975,-0.08410716122712547,0.20349566018298337,2.873905244973255e-05,8.159934434633637e-05,1.1220825630105476e-05,6.266215253227762e-05,1.250274610103443e-05,0.09947069530527956,9.893941969747163e-06,4.419986374258605e-05,0.024868736527234613,0.05939758692861958,0.4331822967233637,0.35331295512089134,LCO,1,47
-533475.4308807176,2.532543056827584,0.00022474909430924645,29215.8181067224,-0.02967609257589965,-0.34032390742410046,-0.043594419194654566,0.20300395001392277,1.3121855038344288e-05,0.00011116820596774724,1.4146802778411158e-05,0.00010253807934246568,2.985459602229225e-05,0.08668537714397413,1.3166239736384757e-05,8.340660499589551e-06,0.02416535951505477,0.020205498175364604,0.5263437141146382,0.3398563685153426,LFP,1,96
-869341.3328908139,2.3297868605816046,0.0006586950319100871,18454.15133200821,-0.027487868953504968,-0.34251213104649514,-0.29925002938671863,0.213360965983834,2.8359281639502766e-05,0.00014571975121302927,1.0860226020976167e-05,6.233720960707704e-05,1.212421454133457e-05,0.09877286226688634,1.8498965407248238e-05,4.522184963436834e-05,0.024884487610046285,0.01646786021586366,0.32109057221954124,0.2931915381778765,LCO,1,46
-3382.6903636685347,2.083989315754849,0.0006018628462915105,367.05809858513607,-0.017457239213411135,-0.35254276078658897,-0.26760820712195554,0.2035221044433424,2.43276437442475e-05,0.00010063850206748471,9.604357594446522e-05,0.0001470210185210711,2.9948370562345876e-05,0.05166882865564066,1.1853666241237579e-05,3.167138869120935e-05,0.004026785311039504,0.5981516867610783,0.023573511568533878,0.040666594548432335,LCO,1,64
-3756.1495291599485,2.067329800420085,0.0006791143352851857,398.79549411182546,-0.017457239213411135,-0.35254276078658897,-0.306635753143774,0.20740305456723346,1.6216719915123217e-05,9.923324210024277e-05,9.604384657489726e-05,0.00014471528278968803,2.760462234424836e-05,0.051707272599978905,1.1882808999397663e-05,3.270672026353423e-05,0.004002732188051802,0.5438244338325184,0.03858371942795482,0.04095609359575276,LCO,1,68
-869341.3328908139,2.33309142760744,0.0008239986767790095,15582.144364405101,-0.02743180725842498,-0.34256819274157513,-0.2953126911338566,0.21336268762797678,1.233461324641098e-05,0.00012213480822740786,1.0927177976047983e-05,6.032819176588287e-05,1.240492775562715e-05,0.0983139304472197,1.577234395875577e-05,4.2709288858022815e-05,0.024965056884535965,0.04115423081844058,0.32047066098160104,0.2730624170661018,LCO,1,37
-869341.3328908139,2.4107177417899637,0.0005975069474647131,16789.311368258634,-0.028054435261224864,-0.34194556473877524,-0.1444420498913157,0.2035135161053852,1.7263562195687882e-05,0.00015434524578531854,1.091108484099267e-05,5.3051439147092514e-05,1.2008624376326226e-05,0.09973152923313035,1.7530337510783685e-05,4.1893338137904e-05,0.024491133617912303,0.012885197628381188,0.3926029628906836,0.38006978958961957,LFP,1,44
-832852.5272564993,2.2121792537097753,0.0006683933879547716,16933.287692133323,-0.021701637672981722,-0.3482983623270184,-0.0919198670476814,0.20352463223085332,2.952653812449441e-05,8.157135512258228e-05,1.3935725459271248e-05,6.346176463829973e-05,1.2383697408763077e-05,0.09982112252889273,9.824848726495831e-06,4.1072146604854615e-05,0.024994111637891135,0.05939303072509412,0.3850717574968296,0.3936153447303949,LCO,1,47
-870578.7199837964,2.2693823467261685,0.0005428247283439121,21445.923376840994,-0.013437349319703085,-0.356562650680297,-0.2291518212441347,0.2137414402343675,1.674903371379538e-05,7.763560454055916e-05,1.0797384605224935e-05,4.103005488491899e-05,1.2394814785835291e-05,0.09995021781355279,1.905385004636942e-05,4.3470747634662596e-05,0.02470057164030104,0.035984362977927925,0.37184707427969477,0.2930167414982427,LCO,1,56
-3746.826662712848,2.037181111162676,0.0009432945094140753,264.59794214517336,-0.016039772886740078,-0.35396022711326003,-0.29716995874815844,0.20911002722495547,1.424812964734229e-05,7.11330425665304e-05,9.764022678063367e-05,0.0001487435655223181,2.6197393040392387e-05,0.04455005653909709,7.922588470835205e-06,4.2055925231742e-05,0.004033753556052506,0.5612737365050072,0.03389250488093589,0.0376637998658985,LCO,1,52
-3210.77992254877,2.0329434749767947,0.0019150617350557739,94.85954151319393,-0.016781256149038803,-0.3532187438509613,-0.10715759104789635,0.21664327580914888,2.810985597607796e-05,6.610814730916958e-05,6.320925332777572e-05,0.00014586240454371482,2.4527560654034633e-05,0.04717006706055776,5.09419910772108e-07,4.9907540323945764e-05,0.004280832258430843,0.5929099159264476,0.1182788459276431,0.11165364709801305,LFP,1,18
-3593.093418962001,2.013118605952897,0.0007964462731809606,226.37598144250808,-0.01566274520834421,-0.3543372547916559,-0.04409305214551773,0.22521123402510101,2.823721812355467e-05,4.031453946070035e-05,9.789948172617557e-05,0.0001440575724514049,2.720587636151523e-05,0.04250105642034446,2.151545116552626e-06,4.984463473448582e-05,0.0042961087800247166,0.5409053316536592,0.30178830330112016,0.043213312899702976,LCO,1,48
-869341.3328908139,2.421777949461441,0.0018029161941753558,6482.348079615668,-0.02910314187062779,-0.3408968581293723,-0.2423624137372945,0.2010360396819716,2.9648480809967407e-05,0.00014227546250392587,1.0774811693563351e-05,5.169320881671063e-05,1.2173039159251542e-05,0.09615283303876668,1.9750273451173105e-05,4.974971601674118e-05,0.024976164754671078,0.0511784314856391,0.2684900687782151,0.36796908599885136,LCO,1,17
-864885.0220610857,2.503547619226693,0.0011245606471330797,14195.607626606366,-0.032880755846798504,-0.3371192441532016,-0.09737669293008311,0.2523290320009599,2.5880973887436823e-05,0.0001916752953303446,1.005444800928798e-05,5.1634257725710016e-05,1.200138978501174e-05,0.09983798187136508,5.046297278512159e-06,4.3162405032464935e-05,0.024916418323380533,0.0426416250346845,0.4933906583111665,0.29659102372406587,LCO,1,37
-3271.9744148953673,2.0542350775569793,0.0007168669958336076,369.71297591210384,-0.01716605307614172,-0.3528339469238584,-0.11510075704047473,0.20847005335281044,2.942593604556451e-05,0.000104871345415062,7.672562255351359e-05,0.00014707471056368067,1.4472417648472372e-05,0.04863430358228843,1.0274946999051126e-05,4.2338155786717165e-05,0.004143016135458358,0.5917798130579024,0.16830760342298193,0.05481182647864106,LCO,1,68
-291361.0829276688,2.4075665712471492,0.0004738011624843626,10125.812997667572,-0.031719297758964426,-0.3382807022410357,-0.4927733242358576,0.21411061440980622,2.4776577364171404e-05,0.00020299282814401976,1.7440146766371323e-05,7.147575300776857e-05,2.3466094549453677e-05,0.05159350556156841,8.10264498318177e-06,4.514531263659019e-05,0.02148929482380961,0.011762514376919244,0.05844976907350882,0.36701439231371435,LFP,1,59
-864885.0220610857,2.39404210605117,0.001234134624034141,9275.207991147417,-0.031039381321834814,-0.3389606186781653,-0.16660867020860903,0.20037499827795274,2.3986889311287802e-05,0.0001307086201467541,1.0905870204833801e-05,5.309473922748003e-05,1.2178257137747841e-05,0.09619308388463026,1.0549134338285638e-05,4.2853071055497e-05,0.024874550842527564,0.0312696032034966,0.40057676959736566,0.33154495699052877,LCO,1,25
